사고번호,사고일시,요일,시군구,사고내용,사망자수,중상자수,경상자수,부상신고자수,사고유형,법규위반,노면상태,기상상태,도로형태,가해운전자 차종,가해운전자 성별,가해운전자 연령,가해운전자 상해정도,피해운전자 차종,피해운전자 성별,피해운전자 연령,피해운전자 상해정도
2022063000100106,2022년 6월 30일 07시,목요일,경기도 여주시 북내면,중상사고,0,5,2,0,차대차 - 기타,안전운전불이행,젖음/습기,비,단일로 - 기타,승용,남,64세,중상,승용,여,51세,상해없음
2022071400100263,2022년 7월 14일 12시,목요일,경기도 광주시 초월읍,경상사고,0,0,1,0,차대차 - 측면충돌,안전거리미확보,건조,맑음,단일로 - 기타,승용,여,51세,상해없음,승용,남,34세,경상
2022071400100470,2022년 7월 14일 17시,목요일,경기도 광주시 곤지암읍,경상사고,0,0,2,0,차대차 - 측면충돌,안전운전불이행,건조,맑음,주차장 - 주차장,승용,남,43세,상해없음,승용,여,18세,경상
2022071800100391,2022년 7월 18일 16시,월요일,경기도 광주시 곤지암읍,중상사고,0,1,7,0,차대차 - 추돌,안전거리미확보,건조,맑음,단일로 - 터널,승용,남,35세,경상,승용,남,43세,상해없음
2022072200100042,2022년 7월 22일 04시,금요일,경기도 여주시 대신면,중상사고,0,1,0,0,차대차 - 기타,안전운전불이행,젖음/습기,비,단일로 - 기타,특수,남,73세,중상,승용,남,40세,상해없음
2022072500100473,2022년 7월 25일 18시,월요일,강원도 원주시 지정면,중상사고,0,2,1,0,차대차 - 측면충돌,안전운전불이행,건조,맑음,단일로 - 터널,승용,남,29세,상해없음,승합,남,56세,경상
2022080200100194,2022년 8월 2일 11시,화요일,경기도 여주시 금사면,경상사고,0,0,6,0,차대차 - 추돌,안전운전불이행,건조,맑음,단일로 - 기타,승용,남,58세,상해없음,승용,남,69세,경상
2022080500100038,2022년 8월 5일 04시,금요일,경기도 광주시 초월읍,경상사고,0,0,3,0,차량단독 - 공작물충돌,기타,건조,맑음,단일로 - 기타,승합,남,45세,상해없음,,,,
2022083100100403,2022년 8월 31일 17시,수요일,경기도 양평군 양동면,사망사고,1,0,0,0,차대차 - 추돌,안전운전불이행,건조,맑음,단일로 - 기타,특수,남,51세,상해없음,승용,남,51세,사망
2022090200100523,2022년 9월 2일 17시,금요일,경기도 광주시 곤지암읍,경상사고,0,0,5,0,차대차 - 기타,안전거리미확보,건조,맑음,단일로 - 기타,승용,남,45세,상해없음,승용,남,44세,상해없음
2022091600100194,2022년 9월 16일 10시,금요일,경기도 광주시 곤지암읍,중상사고,0,1,5,0,차대차 - 추돌,안전거리미확보,건조,맑음,단일로 - 터널,특수,남,49세,상해없음,승합,남,54세,경상
2022091800100065,2022년 9월 18일 09시,일요일,강원도 원주시 지정면,중상사고,0,1,1,0,차대차 - 추돌,기타,건조,맑음,단일로 - 기타,승용,남,78세,상해없음,승용,남,36세,경상
2022100400100516,2022년 10월 4일 20시,화요일,경기도 양평군 양동면,경상사고,0,0,1,0,차대차 - 측면충돌,안전거리미확보,젖음/습기,비,단일로 - 기타,승용,여,43세,상해없음,승용,여,24세,경상
2022101600100209,2022년 10월 16일 13시,일요일,강원도 원주시 지정면,경상사고,0,0,5,1,차대차 - 추돌,안전거리미확보,건조,맑음,단일로 - 터널,승용,남,34세,상해없음,승용,남,28세,부상신고
2022102900100122,2022년 10월 29일 09시,토요일,경기도 양평군 양동면,경상사고,0,0,8,0,차대차 - 기타,안전거리미확보,건조,맑음,단일로 - 기타,승용,남,23세,경상,승용,남,41세,경상
2022110600100129,2022년 11월 6일 10시,일요일,강원도 원주시 지정면,경상사고,0,0,2,0,차대차 - 추돌,안전운전불이행,건조,맑음,단일로 - 기타,승용,남,49세,상해없음,승용,남,42세,경상
2022110800100007,2022년 11월 8일 00시,화요일,경기도 광주시 초월읍,부상신고사고,0,0,0,1,차량단독 - 공작물충돌,안전운전불이행,건조,맑음,단일로 - 기타,화물,남,70세,부상신고,,,,
2022111200100504,2022년 11월 12일 18시,토요일,경기도 여주시 금사면,경상사고,0,0,5,0,차대차 - 기타,안전운전불이행,건조,맑음,단일로 - 기타,승용,남,38세,경상,승용,남,56세,상해없음
2022112000100387,2022년 11월 20일 19시,일요일,경기도 양평군 양동면,중상사고,0,1,1,0,차대차 - 후진중충돌,안전운전불이행,건조,맑음,단일로 - 기타,승용,여,63세,상해없음,승용,남,39세,경상
2022112900100048,2022년 11월 29일 05시,화요일,경기도 여주시 북내면,중상사고,0,1,0,0,차대차 - 측면충돌,안전운전불이행,젖음/습기,비,단일로 - 기타,화물,남,41세,상해없음,화물,남,51세,중상
2022120300100338,2022년 12월 3일 16시,토요일,강원도 원주시 지정면,중상사고,0,2,0,0,차대차 - 추돌,안전운전불이행,건조,맑음,단일로 - 터널,승용,남,44세,상해없음,승용,남,29세,중상
2022120900100005,2022년 12월 9일 00시,금요일,강원도 원주시 지정면,경상사고,0,0,1,0,차대차 - 추돌,안전운전불이행,건조,맑음,기타 - 기타,승용,여,60세,상해없음,승용,남,42세,경상
2022121900100183,2022년 12월 19일 10시,월요일,경기도 광주시 곤지암읍,경상사고,0,0,1,0,차대차 - 기타,기타,건조,맑음,단일로 - 기타,화물,남,51세,상해없음,승용,여,50세,경상
2022122100100309,2022년 12월 21일 15시,수요일,경기도 여주시 금사면,경상사고,0,0,2,0,차대차 - 측면충돌,신호위반,건조,맑음,단일로 - 기타,승용,여,50세,상해없음,승용,여,33세,경상
2022122200100550,2022년 12월 22일 22시,목요일,경기도 광주시 곤지암읍,경상사고,0,0,2,0,차대차 - 기타,안전운전불이행,건조,맑음,주차장 - 주차장,승용,남,17세,상해없음,특수,남,29세,경상
2022011600100102,2022년 1월 16일 11시,일요일,경기도 남양주시 별내면,경상사고,0,0,1,0,차대차 - 측면충돌,신호위반,건조,맑음,단일로 - 기타,승용,남,29세,상해없음,화물,남,24세,경상
2022011700100251,2022년 1월 17일 14시,월요일,경기도 구리시 교문동,중상사고,0,2,0,0,차대차 - 측면충돌,안전거리미확보,건조,맑음,단일로 - 기타,건설기계,남,71세,상해없음,승용,남,27세,중상
2022020100100090,2022년 2월 1일 12시,화요일,경기도 구리시 교문동,경상사고,0,0,3,0,차대차 - 추돌,안전거리미확보,젖음/습기,맑음,단일로 - 기타,승용,남,29세,상해없음,승용,남,44세,경상
2022021400100139,2022년 2월 14일 10시,월요일,경기도 구리시 교문동,경상사고,0,0,2,0,차대차 - 추돌,안전운전불이행,건조,맑음,단일로 - 터널,승용,남,22세,상해없음,화물,남,69세,경상
2022030200100474,2022년 3월 2일 19시,수요일,경기도 구리시 교문동,부상신고사고,0,0,0,1,차대차 - 추돌,안전운전불이행,건조,맑음,단일로 - 기타,승용,남,43세,상해없음,화물,남,65세,부상신고
2022030500100391,2022년 3월 5일 19시,토요일,경기도 의정부시 산곡동,경상사고,0,0,2,0,차대차 - 기타,기타,건조,맑음,단일로 - 기타,화물,남,42세,상해없음,승용,여,40세,경상
2022032100100084,2022년 3월 21일 08시,월요일,서울특별시 중랑구 신내동,경상사고,0,0,1,0,차대차 - 기타,기타,건조,맑음,단일로 - 터널,화물,남,55세,상해없음,승용,남,36세,경상
2022032100100287,2022년 3월 21일 16시,월요일,서울특별시 중랑구 신내동,중상사고,0,2,1,0,차대차 - 측면충돌,신호위반,건조,맑음,단일로 - 기타,승용,남,24세,상해없음,승용,남,67세,경상
2022032400100231,2022년 3월 24일 14시,목요일,경기도 구리시 교문동,중상사고,0,2,0,0,차대차 - 기타,신호위반,건조,맑음,단일로 - 터널,승용,남,41세,상해없음,승용,여,56세,중상
2022032400100330,2022년 3월 24일 17시,목요일,경기도 의정부시 고산동,경상사고,0,0,1,0,차대차 - 기타,안전거리미확보,건조,맑음,단일로 - 기타,승용,여,29세,상해없음,승용,남,31세,경상
2022032800100265,2022년 3월 28일 14시,월요일,경기도 구리시 갈매동,경상사고,0,0,1,0,차대차 - 추돌,안전운전불이행,건조,맑음,단일로 - 기타,승용,남,27세,상해없음,건설기계,남,46세,경상
2022042500100080,2022년 4월 25일 07시,월요일,경기도 포천시 소흘읍,경상사고,0,0,3,0,차대차 - 추돌,안전거리미확보,건조,맑음,단일로 - 기타,승용,여,45세,상해없음,승용,여,28세,경상
2022042600100178,2022년 4월 26일 09시,화요일,경기도 구리시 교문동,중상사고,0,1,0,0,차대차 - 추돌,안전운전불이행,건조,맑음,단일로 - 터널,승용,남,59세,상해없음,화물,남,27세,중상
2022050500100397,2022년 5월 5일 17시,목요일,경기도 남양주시 별내면,부상신고사고,0,0,0,1,차대차 - 기타,안전운전불이행,건조,맑음,단일로 - 기타,승용,남,65세,부상신고,승용,기타불명,미분류,기타불명
2022050600100297,2022년 5월 6일 13시,금요일,경기도 구리시 아천동,경상사고,0,0,2,0,차대차 - 측면충돌,안전거리미확보,건조,맑음,단일로 - 터널,승용,남,65세,상해없음,승용,남,34세,경상
2022050700100122,2022년 5월 7일 10시,토요일,서울특별시 중랑구 신내동,중상사고,0,1,0,0,차대차 - 추돌,기타,건조,맑음,단일로 - 기타,승용,여,65세,상해없음,승용,여,55세,중상
2022050800100110,2022년 5월 8일 10시,일요일,경기도 구리시 갈매동,경상사고,0,0,9,0,차대차 - 추돌,안전운전불이행,건조,맑음,단일로 - 기타,화물,남,29세,상해없음,승용,여,31세,상해없음
2022051700100358,2022년 5월 17일 15시,화요일,경기도 구리시 토평동,부상신고사고,0,0,0,1,차대차 - 추돌,안전운전불이행,건조,맑음,단일로 - 기타,승용,여,38세,상해없음,승용,남,43세,부상신고
2022052300100161,2022년 5월 23일 09시,월요일,경기도 포천시 군내면,경상사고,0,0,1,0,차대차 - 기타,안전운전불이행,건조,맑음,단일로 - 기타,특수,남,61세,상해없음,화물,남,43세,경상
2022053000100102,2022년 5월 30일 08시,월요일,경기도 구리시 교문동,경상사고,0,0,11,6,차대차 - 추돌,신호위반,건조,맑음,단일로 - 터널,화물,남,68세,상해없음,승용,남,56세,경상
2022060400100238,2022년 6월 4일 11시,토요일,경기도 포천시 군내면,경상사고,0,0,2,0,차대차 - 측면충돌,안전거리미확보,건조,맑음,단일로 - 기타,승용,남,28세,상해없음,화물,남,28세,경상
2022063000100082,2022년 6월 30일 06시,목요일,경기도 남양주시 별내동,경상사고,0,0,1,0,차대차 - 측면충돌,안전운전불이행,젖음/습기,비,단일로 - 기타,승용,남,34세,상해없음,승용,남,33세,경상
2022070600100206,2022년 7월 6일 11시,수요일,경기도 남양주시 퇴계원읍,중상사고,0,1,0,0,차대차 - 기타,안전운전불이행,건조,맑음,단일로 - 기타,건설기계,남,43세,상해없음,승용,남,49세,중상
2022070700100411,2022년 7월 7일 16시,목요일,경기도 의정부시 고산동,경상사고,0,0,2,0,차대차 - 측면충돌,안전거리미확보,건조,맑음,단일로 - 기타,화물,남,59세,상해없음,승용,남,53세,경상
2022071800100121,2022년 7월 18일 08시,월요일,경기도 의정부시 민락동,중상사고,0,1,0,0,차대차 - 기타,안전운전불이행,건조,맑음,단일로 - 기타,기타불명,기타불명,미분류,기타불명,화물,남,65세,중상
2022072200100179,2022년 7월 22일 10시,금요일,경기도 포천시 군내면,경상사고,0,0,10,1,차대차 - 추돌,안전운전불이행,건조,맑음,단일로 - 기타,화물,남,59세,상해없음,승합,남,54세,경상
2022072300100145,2022년 7월 23일 10시,토요일,경기도 남양주시 별내면,경상사고,0,0,4,0,차대차 - 측면충돌,안전운전불이행,건조,맑음,단일로 - 기타,승용,남,44세,상해없음,승용,남,63세,경상
2022073000100115,2022년 7월 30일 08시,토요일,경기도 구리시 갈매동,경상사고,0,0,2,0,차대차 - 기타,안전거리미확보,건조,맑음,단일로 - 기타,승용,남,47세,경상,승용,남,52세,상해없음
2022080300100088,2022년 8월 3일 07시,수요일,경기도 구리시 교문동,중상사고,0,3,3,0,차대차 - 추돌,안전운전불이행,건조,맑음,단일로 - 터널,화물,남,58세,상해없음,승용,여,62세,중상
2022082700100076,2022년 8월 27일 05시,토요일,경기도 양주시 회암동,경상사고,0,0,1,0,차량단독 - 공작물충돌,안전운전불이행,건조,맑음,단일로 - 기타,승용,남,30세,상해없음,,,,
2022090800100716,2022년 9월 8일 19시,목요일,경기도 의정부시 산곡동,경상사고,0,0,2,0,차대차 - 정면충돌,안전운전불이행,건조,맑음,단일로 - 기타,승용,남,26세,경상,건설기계,남,71세,경상
2022091000100220,2022년 9월 10일 14시,토요일,경기도 의정부시 고산동,경상사고,0,0,3,0,차대차 - 측면충돌,안전거리미확보,건조,맑음,단일로 - 기타,승용,남,47세,상해없음,승용,남,30세,경상
2022092400100627,2022년 9월 24일 22시,토요일,경기도 의정부시 산곡동,중상사고,0,1,1,0,차대차 - 측면충돌,안전거리미확보,건조,맑음,단일로 - 기타,승용,남,43세,상해없음,승용,남,61세,경상
2022092600100135,2022년 9월 26일 08시,월요일,경기도 포천시 소흘읍,경상사고,0,0,1,0,차대차 - 측면충돌,안전운전불이행,건조,맑음,단일로 - 기타,화물,남,64세,상해없음,승용,남,29세,경상
2022092700100127,2022년 9월 27일 08시,화요일,경기도 구리시 교문동,경상사고,0,0,1,0,차대차 - 측면충돌,안전거리미확보,건조,맑음,단일로 - 기타,승합,남,55세,상해없음,승용,여,24세,경상
2022092800100570,2022년 9월 28일 21시,수요일,경기도 남양주시 퇴계원읍,경상사고,0,0,1,0,차대차 - 기타,안전운전불이행,건조,맑음,단일로 - 기타,화물,남,58세,상해없음,화물,남,33세,경상
2022100300100076,2022년 10월 3일 07시,월요일,경기도 구리시 갈매동,경상사고,0,0,4,0,차대차 - 측면충돌,안전운전불이행,건조,맑음,단일로 - 기타,승용,남,66세,경상,승용,남,39세,경상
2022100800100105,2022년 10월 8일 07시,토요일,경기도 구리시 갈매동,경상사고,0,0,1,0,차대차 - 추돌,안전운전불이행,건조,맑음,단일로 - 기타,승용,남,22세,상해없음,승용,여,52세,경상
2022100800100645,2022년 10월 8일 22시,토요일,경기도 포천시 가산면,경상사고,0,0,2,0,차대차 - 측면충돌,안전운전불이행,건조,맑음,단일로 - 기타,승용,남,41세,상해없음,승용,남,48세,경상
2022101300100214,2022년 10월 13일 10시,목요일,경기도 의정부시 민락동,중상사고,0,1,0,0,차대차 - 기타,안전운전불이행,건조,맑음,단일로 - 기타,화물,남,44세,상해없음,승용,여,40세,중상
2022102800100088,2022년 10월 28일 07시,금요일,경기도 구리시 토평동,경상사고,0,0,1,0,차대차 - 측면충돌,안전거리미확보,건조,맑음,단일로 - 기타,승용,남,31세,상해없음,승용,남,40세,경상
2022102900100526,2022년 10월 29일 19시,토요일,경기도 의정부시 산곡동,경상사고,0,0,1,0,차대차 - 추돌,안전운전불이행,건조,맑음,단일로 - 기타,승용,남,52세,상해없음,화물,남,52세,경상
2022110600100114,2022년 11월 6일 09시,일요일,경기도 포천시 소흘읍,경상사고,0,0,1,0,차대차 - 측면충돌,안전운전불이행,건조,맑음,단일로 - 기타,승용,남,56세,상해없음,승합,남,53세,경상
2022110800100420,2022년 11월 8일 16시,화요일,경기도 포천시 소흘읍,경상사고,0,0,2,0,차대차 - 기타,안전운전불이행,건조,맑음,단일로 - 기타,승용,남,60세,상해없음,화물,남,58세,상해없음
2022111300100324,2022년 11월 13일 17시,일요일,경기도 구리시 교문동,중상사고,0,1,2,0,차대차 - 기타,신호위반,건조,맑음,단일로 - 터널,승용,남,54세,상해없음,승합,남,73세,상해없음
2022111400100053,2022년 11월 14일 06시,월요일,경기도 남양주시 퇴계원읍,경상사고,0,0,2,0,차대차 - 추돌,안전운전불이행,건조,기타,단일로 - 기타,승용,남,54세,상해없음,승용,여,30세,상해없음
2022111800100472,2022년 11월 18일 17시,금요일,경기도 구리시 교문동,경상사고,0,0,1,0,차대차 - 추돌,안전운전불이행,건조,맑음,단일로 - 기타,승용,남,22세,상해없음,승용,남,25세,경상
2022112000100250,2022년 11월 20일 15시,일요일,경기도 의정부시 산곡동,경상사고,0,0,3,0,차대차 - 후진중충돌,안전운전불이행,건조,맑음,주차장 - 주차장,승용,남,48세,상해없음,승용,남,45세,경상
2022112300100123,2022년 11월 23일 09시,수요일,경기도 포천시 소흘읍,경상사고,0,0,1,0,차대차 - 기타,기타,건조,맑음,단일로 - 기타,화물,남,40세,상해없음,화물,남,41세,경상
2022112300100190,2022년 11월 23일 11시,수요일,경기도 포천시 군내면,중상사고,0,1,1,0,차대차 - 추돌,안전운전불이행,건조,맑음,단일로 - 기타,승용,남,62세,상해없음,승용,남,34세,경상
2022112400100018,2022년 11월 24일 01시,목요일,경기도 남양주시 별내면,경상사고,0,0,1,0,차대차 - 측면충돌,신호위반,건조,맑음,단일로 - 교량,건설기계,남,42세,상해없음,승용,남,26세,경상
2022112400100447,2022년 11월 24일 17시,목요일,경기도 포천시 가산면,사망사고,1,0,0,1,차대차 - 추돌,안전거리미확보,건조,기타,단일로 - 기타,화물,남,46세,사망,화물,남,39세,부상신고
2022113000100109,2022년 11월 30일 08시,수요일,경기도 포천시 소흘읍,경상사고,0,0,2,0,차대차 - 추돌,안전거리미확보,건조,맑음,단일로 - 기타,승용,남,42세,상해없음,승용,남,29세,경상
2022121100100286,2022년 12월 11일 16시,일요일,경기도 남양주시 별내면,경상사고,0,0,1,0,차대차 - 추돌,안전운전불이행,건조,맑음,단일로 - 기타,승용,남,31세,상해없음,화물,남,74세,경상
2022010500100263,2022년 1월 5일 17시,수요일,경상남도 김해시 부곡동,경상사고,0,0,1,1,차대차 - 추돌,안전거리미확보,건조,맑음,단일로 - 기타,승용,남,33세,상해없음,승용,남,49세,부상신고
2022011000100129,2022년 1월 10일 09시,월요일,경상남도 진주시 호탄동,중상사고,0,1,0,0,차대차 - 측면충돌,안전운전불이행,건조,맑음,단일로 - 기타,승용,남,24세,상해없음,화물,남,40세,중상
2022011100100252,2022년 1월 11일 13시,화요일,경상남도 창원시 의창구 북면,경상사고,0,0,1,0,차대차 - 추돌,안전거리미확보,건조,맑음,단일로 - 기타,화물,남,61세,상해없음,승용,여,57세,경상
2022011400100367,2022년 1월 14일 16시,금요일,경상남도 사천시 곤양면,경상사고,0,0,4,0,차대차 - 기타,안전운전불이행,건조,맑음,단일로 - 기타,승용,남,52세,상해없음,승용,남,56세,경상
2022011700100078,2022년 1월 17일 08시,월요일,전라남도 광양시 광양읍,경상사고,0,0,2,0,차대차 - 추돌,안전운전불이행,건조,맑음,기타 - 기타,화물,남,54세,상해없음,승용,남,30세,상해없음
2022012200100113,2022년 1월 22일 10시,토요일,경상남도 함안군 가야읍,경상사고,0,0,2,0,차대차 - 측면충돌,안전운전불이행,건조,맑음,단일로 - 기타,승용,남,67세,상해없음,승용,남,48세,경상
2022012800100531,2022년 1월 28일 19시,금요일,경상남도 진주시 문산읍,경상사고,0,0,2,2,차대차 - 측면충돌,신호위반,건조,맑음,단일로 - 기타,특수,남,61세,상해없음,승용,남,37세,경상
2022021000100086,2022년 2월 10일 09시,목요일,경상남도 김해시 풍유동,경상사고,0,0,1,0,차대차 - 추돌,차로위반,건조,맑음,단일로 - 기타,화물,남,63세,상해없음,화물,남,59세,상해없음
2022021200100100,2022년 2월 12일 10시,토요일,경상남도 창원시 의창구 동읍,경상사고,0,0,1,0,차대차 - 추돌,안전운전불이행,건조,맑음,단일로 - 기타,승용,남,72세,상해없음,승용,남,33세,경상
2022021900100148,2022년 2월 19일 12시,토요일,전라남도 광양시 진월면,경상사고,0,0,1,0,차대차 - 기타,차로위반,건조,맑음,단일로 - 기타,승용,남,76세,상해없음,승용,남,65세,상해없음
2022022100100471,2022년 2월 21일 20시,월요일,전라남도 영암군 서호면,경상사고,0,0,1,0,차대차 - 측면충돌,차로위반,건조,맑음,단일로 - 기타,승용,여,61세,상해없음,승용,남,62세,경상
2022022700100279,2022년 2월 27일 18시,일요일,경상남도 함안군 가야읍,경상사고,0,0,1,0,차대차 - 기타,안전운전불이행,건조,맑음,단일로 - 기타,승용,남,43세,상해없음,승용,남,47세,경상
2022022800100126,2022년 2월 28일 10시,월요일,경상남도 창원시 의창구 동읍,경상사고,0,0,1,1,차대차 - 기타,안전운전불이행,건조,맑음,단일로 - 기타,화물,남,46세,부상신고,화물,남,57세,경상
2022022800100301,2022년 2월 28일 15시,월요일,경상남도 함안군 칠원읍,경상사고,0,0,3,0,차대차 - 추돌,안전운전불이행,건조,맑음,단일로 - 터널,화물,남,57세,상해없음,승용,남,37세,경상
2022030100100222,2022년 3월 1일 16시,화요일,전라남도 광양시 진월면,경상사고,0,0,1,0,차대차 - 정면충돌,안전운전불이행,건조,맑음,기타 - 기타,승용,여,51세,상해없음,승용,여,51세,경상
2022030800100323,2022년 3월 8일 17시,화요일,전라남도 광양시 광양읍,경상사고,0,0,2,0,차대차 - 측면충돌,차로위반,건조,맑음,단일로 - 기타,승용,여,55세,경상,특수,남,57세,상해없음
2022031100100406,2022년 3월 11일 19시,금요일,경상남도 창원시 의창구 동읍,경상사고,0,0,1,0,차대차 - 기타,안전운전불이행,건조,맑음,기타 - 기타,특수,남,41세,상해없음,승용,남,32세,경상
2022031300100302,2022년 3월 13일 21시,일요일,경상남도 사천시 축동면,경상사고,0,0,1,0,차대차 - 추돌,안전운전불이행,젖음/습기,비,단일로 - 기타,승용,남,36세,상해없음,승용,여,43세,경상
2022031500100083,2022년 3월 15일 08시,화요일,전라남도 광양시 진월면,사망사고,1,0,0,0,차량단독 - 전도전복 - 전도,안전운전불이행,건조,맑음,기타 - 기타,특수,남,64세,사망,,,,
2022031900100081,2022년 3월 19일 10시,토요일,경상남도 김해시 안동,중상사고,0,1,0,0,차대차 - 측면충돌,안전거리미확보,젖음/습기,비,단일로 - 기타,승용,남,72세,상해없음,승용,남,43세,중상
2022032200100190,2022년 3월 22일 14시,화요일,경상남도 김해시 진례면,경상사고,0,0,2,0,차대차 - 기타,차로위반,건조,맑음,단일로 - 기타,화물,남,57세,상해없음,승용,남,30세,경상
2022032400100248,2022년 3월 24일 15시,목요일,전라남도 장흥군 장흥읍,경상사고,0,0,1,0,차대차 - 기타,차로위반,건조,맑음,단일로 - 터널,승용,남,29세,상해없음,승용,남,31세,경상
2022032500100146,2022년 3월 25일 11시,금요일,전라남도 순천시 승주읍,경상사고,0,0,2,0,차대차 - 추돌,안전운전불이행,건조,맑음,단일로 - 기타,화물,남,49세,상해없음,승용,남,42세,경상
2022032700100138,2022년 3월 27일 13시,일요일,경상남도 창원시 의창구 동읍,경상사고,0,0,1,0,차대차 - 기타,안전운전불이행,건조,맑음,단일로 - 기타,승용,남,24세,상해없음,승용,남,41세,상해없음
2022032700100294,2022년 3월 27일 19시,일요일,경상남도 김해시 진영읍,경상사고,0,0,1,0,차대차 - 추돌,안전거리미확보,건조,맑음,단일로 - 기타,승용,여,50세,상해없음,특수,남,46세,경상
2022033000100193,2022년 3월 30일 13시,수요일,경상남도 김해시 유하동,중상사고,0,1,0,0,차량단독 - 전도전복 - 전복,안전운전불이행,건조,맑음,단일로 - 기타,승합,남,68세,중상,,,,
2022033100100018,2022년 3월 31일 02시,목요일,경상남도 진주시 문산읍,사망사고,1,1,1,0,차대차 - 기타,안전운전불이행,건조,맑음,단일로 - 기타,화물,남,71세,경상,승용,남,51세,상해없음
2022040300100090,2022년 4월 3일 11시,일요일,경상남도 창원시 의창구 북면,경상사고,0,0,2,0,차대차 - 추돌,안전운전불이행,건조,맑음,단일로 - 기타,승용,남,35세,상해없음,승용,여,25세,경상
2022040400100352,2022년 4월 4일 16시,월요일,경상남도 함안군 칠원읍,중상사고,0,1,0,0,차대차 - 추돌,안전운전불이행,건조,맑음,단일로 - 기타,승용,남,53세,상해없음,승용,남,50세,중상
2022040700100525,2022년 4월 7일 21시,목요일,경상남도 함안군 가야읍,중상사고,0,1,1,0,차대차 - 기타,안전운전불이행,건조,맑음,단일로 - 기타,건설기계,남,48세,상해없음,승용,여,37세,중상
2022040800100533,2022년 4월 8일 19시,금요일,부산광역시 강서구 대저1동,경상사고,0,0,2,0,차대차 - 추돌,안전거리미확보,건조,맑음,단일로 - 기타,화물,남,60세,상해없음,승용,여,33세,경상
2022040900100397,2022년 4월 9일 16시,토요일,경상남도 함안군 칠원읍,경상사고,0,0,1,0,차대차 - 추돌,안전운전불이행,건조,맑음,단일로 - 기타,승용,남,36세,상해없음,승용,남,31세,경상
2022041100100575,2022년 4월 11일 22시,월요일,경상남도 김해시 부곡동,경상사고,0,0,1,0,차대차 - 추돌,안전운전불이행,건조,맑음,단일로 - 기타,승용,남,40세,상해없음,승용,남,23세,경상
2022041200100102,2022년 4월 12일 08시,화요일,전라남도 광양시 중군동,사망사고,1,0,4,0,차대차 - 추돌,안전운전불이행,건조,맑음,기타 - 기타,특수,남,61세,사망,승용,남,84세,경상
2022041800100256,2022년 4월 18일 13시,월요일,경상남도 사천시 곤양면,경상사고,0,0,1,0,차대차 - 측면충돌,안전거리미확보,건조,맑음,단일로 - 기타,화물,남,62세,상해없음,승용,여,42세,경상
2022041800100565,2022년 4월 18일 23시,월요일,경상남도 함안군 가야읍,경상사고,0,0,1,0,차대차 - 기타,안전운전불이행,건조,맑음,단일로 - 기타,화물,남,51세,상해없음,화물,남,65세,경상
2022042000100418,2022년 4월 20일 17시,수요일,경상남도 김해시 강동,중상사고,0,1,1,2,차대차 - 추돌,안전거리미확보,젖음/습기,맑음,단일로 - 기타,승용,남,64세,상해없음,승용,남,60세,중상
2022042200100350,2022년 4월 22일 16시,금요일,경상남도 함안군 산인면,경상사고,0,0,1,0,차대차 - 측면충돌,안전거리미확보,건조,맑음,단일로 - 기타,화물,남,60세,상해없음,승용,여,31세,경상
2022042200100442,2022년 4월 22일 18시,금요일,경상남도 함안군 군북면,경상사고,0,0,1,0,차대차 - 측면충돌,안전운전불이행,건조,맑음,단일로 - 기타,승합,남,67세,상해없음,승용,여,66세,경상
2022042300100306,2022년 4월 23일 15시,토요일,경상남도 함안군 군북면,경상사고,0,0,1,0,차대차 - 기타,안전운전불이행,건조,맑음,단일로 - 기타,승용,남,68세,상해없음,승용,남,41세,경상
2022042600100283,2022년 4월 26일 13시,화요일,경상남도 김해시 주촌면,경상사고,0,0,2,0,차대차 - 측면충돌,안전운전불이행,젖음/습기,비,단일로 - 기타,승용,남,55세,경상,화물,남,60세,경상
2022050500100518,2022년 5월 5일 22시,목요일,경상남도 김해시 주촌면,중상사고,0,1,1,0,차대차 - 기타,안전거리미확보,건조,맑음,단일로 - 기타,기타불명,기타불명,미분류,기타불명,승용,남,59세,경상
2022050600100423,2022년 5월 6일 16시,금요일,경상남도 김해시 진영읍,경상사고,0,0,1,0,차대차 - 측면충돌,안전거리미확보,건조,맑음,단일로 - 기타,승용,여,60세,상해없음,승합,여,54세,경상
2022051200100604,2022년 5월 12일 23시,목요일,경상남도 하동군 진교면,중상사고,0,1,0,0,차대차 - 추돌,안전운전불이행,건조,맑음,단일로 - 기타,화물,남,67세,상해없음,화물,남,57세,중상
2022051300100499,2022년 5월 13일 18시,금요일,경상남도 함안군 칠원읍,중상사고,0,1,4,0,차대차 - 추돌,안전운전불이행,서리/결빙,비,단일로 - 기타,승용,남,41세,경상,승용,남,26세,경상
2022052100100255,2022년 5월 21일 12시,토요일,경상남도 함안군 산인면,경상사고,0,0,1,0,차대차 - 추돌,안전운전불이행,건조,맑음,단일로 - 기타,승용,여,64세,상해없음,승용,남,36세,경상
2022052100100399,2022년 5월 21일 16시,토요일,부산광역시 북구 덕천동,경상사고,0,0,2,0,차대차 - 추돌,안전거리미확보,건조,맑음,단일로 - 기타,승용,남,30세,상해없음,승용,남,56세,경상