사고번호,사고일시,요일,시군구,사고내용,사망자수,중상자수,경상자수,부상신고자수,사고유형,법규위반,노면상태,기상상태,도로형태,가해운전자 차종,가해운전자 성별,가해운전자 연령,가해운전자 상해정도,피해운전자 차종,피해운전자 성별,피해운전자 연령,피해운전자 상해정도
2022052600100244,2022년 5월 26일 12시,목요일,경상남도 김해시 주촌면,경상사고,0,0,1,0,차대차 - 기타,안전거리미확보,건조,맑음,단일로 - 기타,승용,여,56세,상해없음,건설기계,남,57세,경상
2022052600100385,2022년 5월 26일 16시,목요일,부산광역시 강서구 강동동,중상사고,0,1,0,0,차대차 - 추돌,안전거리미확보,건조,맑음,단일로 - 기타,승합,남,64세,상해없음,승용,남,32세,중상
2022052700100610,2022년 5월 27일 20시,금요일,경상남도 김해시 삼정동,중상사고,0,3,1,0,차대차 - 측면충돌,차로위반,건조,맑음,단일로 - 기타,승용,남,51세,중상,화물,남,43세,중상
2022052800100025,2022년 5월 28일 02시,토요일,경상남도 창원시 의창구 동읍,사망사고,2,2,0,0,차대차 - 추돌,안전운전불이행,건조,맑음,단일로 - 기타,승용,남,57세,중상,화물,남,57세,기타불명
2022052900100095,2022년 5월 29일 09시,일요일,경상남도 김해시 강동,경상사고,0,0,3,0,차대차 - 추돌,안전운전불이행,건조,맑음,단일로 - 기타,승용,남,70세,상해없음,승용,남,41세,경상
2022053100100495,2022년 5월 31일 17시,화요일,경상남도 김해시 진영읍,경상사고,0,0,2,0,차대차 - 추돌,안전운전불이행,건조,맑음,단일로 - 기타,승용,여,45세,상해없음,특수,남,41세,경상
2022060200100038,2022년 6월 2일 06시,목요일,전라남도 영암군 학산면,경상사고,0,0,2,0,차대차 - 추돌,안전운전불이행,건조,맑음,단일로 - 터널,승용,남,27세,경상,승용,남,28세,경상
2022060400100243,2022년 6월 4일 12시,토요일,경상남도 김해시 풍유동,경상사고,0,0,2,0,차대차 - 기타,기타,건조,맑음,단일로 - 기타,특수,남,54세,상해없음,승용,여,28세,상해없음
2022060500100087,2022년 6월 5일 09시,일요일,경상남도 진주시 지수면,중상사고,0,1,1,0,차대차 - 측면충돌,안전운전불이행,젖음/습기,비,단일로 - 기타,승용,여,56세,상해없음,승용,여,59세,중상
2022060600100433,2022년 6월 6일 21시,월요일,경상남도 김해시 진례면,경상사고,0,0,1,0,차대차 - 측면충돌,안전거리미확보,건조,맑음,단일로 - 기타,승용,남,38세,상해없음,승용,남,30세,경상
2022060700100049,2022년 6월 7일 07시,화요일,경상남도 김해시 주촌면,중상사고,0,1,0,0,차대차 - 기타,안전거리미확보,건조,맑음,단일로 - 기타,화물,남,62세,상해없음,승용,남,57세,중상
2022061100100303,2022년 6월 11일 14시,토요일,경상남도 김해시 불암동,중상사고,0,1,0,0,차대차 - 기타,안전운전불이행,건조,맑음,단일로 - 기타,승용,남,75세,상해없음,승용,남,47세,중상
2022061200100042,2022년 6월 12일 04시,일요일,경상남도 김해시 봉황동,경상사고,0,0,1,0,차대차 - 기타,안전운전불이행,건조,맑음,단일로 - 기타,화물,남,52세,상해없음,화물,남,64세,경상
2022062000100428,2022년 6월 20일 16시,월요일,전라남도 강진군 작천면,경상사고,0,0,1,0,차대차 - 기타,안전운전불이행,건조,맑음,기타 - 기타,승용,남,54세,경상,화물,남,60세,상해없음
2022062000100514,2022년 6월 20일 19시,월요일,부산광역시 강서구 대저1동,경상사고,0,0,1,0,차대차 - 추돌,안전거리미확보,건조,맑음,단일로 - 기타,승용,남,27세,상해없음,승용,남,32세,경상
2022062200100400,2022년 6월 22일 16시,수요일,경상남도 함안군 군북면,중상사고,0,1,1,0,차대차 - 추돌,안전운전불이행,건조,맑음,단일로 - 기타,승용,여,20세,상해없음,승용,남,38세,상해없음
2022062300100369,2022년 6월 23일 16시,목요일,경상남도 창원시 의창구 동읍,경상사고,0,0,1,0,차대차 - 추돌,안전운전불이행,건조,흐림,단일로 - 기타,특수,남,65세,상해없음,승용,남,64세,경상
2022062800100122,2022년 6월 28일 09시,화요일,경상남도 김해시 진영읍,경상사고,0,0,1,0,차대차 - 기타,안전운전불이행,젖음/습기,비,단일로 - 기타,승용,남,65세,상해없음,승용,남,31세,경상
2022070700100244,2022년 7월 7일 11시,목요일,경상남도 진주시 사봉면,경상사고,0,0,2,0,차대차 - 측면충돌,안전운전불이행,건조,맑음,단일로 - 기타,승용,남,25세,상해없음,승용,남,58세,경상
2022070800100429,2022년 7월 8일 17시,금요일,경상남도 김해시 진영읍,중상사고,0,1,1,0,차대차 - 기타,안전운전불이행,젖음/습기,비,단일로 - 기타,승용,남,44세,중상,특수,남,53세,경상
2022071400100532,2022년 7월 14일 19시,목요일,전라남도 순천시 인월동,경상사고,0,0,1,0,차대차 - 기타,안전운전불이행,건조,맑음,단일로 - 기타,화물,남,56세,상해없음,승용,남,32세,경상
2022071700100242,2022년 7월 17일 15시,일요일,경상남도 함안군 군북면,경상사고,0,0,3,2,차대차 - 추돌,안전운전불이행,건조,맑음,단일로 - 기타,승용,남,21세,상해없음,승합,남,58세,경상
2022072100100489,2022년 7월 21일 20시,목요일,경상남도 창원시 의창구 동읍,경상사고,0,0,1,0,차대차 - 추돌,안전운전불이행,건조,맑음,단일로 - 기타,승용,남,61세,상해없음,승용,남,56세,경상
2022072400100072,2022년 7월 24일 08시,일요일,부산광역시 강서구 대저1동,부상신고사고,0,0,0,3,차대차 - 추돌,안전운전불이행,젖음/습기,비,단일로 - 기타,승용,여,31세,상해없음,승용,여,52세,부상신고
2022080100100199,2022년 8월 1일 12시,월요일,경상남도 하동군 진교면,경상사고,0,0,4,0,차대차 - 추돌,안전운전불이행,건조,맑음,단일로 - 기타,승용,남,30세,경상,승용,남,41세,상해없음
2022081000100199,2022년 8월 10일 12시,수요일,경상남도 함안군 칠원읍,경상사고,0,0,1,0,차대차 - 측면충돌,안전운전불이행,건조,맑음,단일로 - 기타,화물,남,61세,상해없음,특수,남,37세,경상
2022081200100155,2022년 8월 12일 10시,금요일,부산광역시 강서구 대저1동,경상사고,0,0,2,0,차대차 - 추돌,안전거리미확보,건조,맑음,단일로 - 기타,승합,남,72세,상해없음,승용,남,63세,경상
2022081300100107,2022년 8월 13일 09시,토요일,경상남도 함안군 산인면,경상사고,0,0,1,0,차대차 - 추돌,안전운전불이행,건조,맑음,단일로 - 기타,승용,남,54세,상해없음,승용,여,61세,경상
2022081300100274,2022년 8월 13일 14시,토요일,경상남도 창원시 의창구 동읍,경상사고,0,0,2,0,차대차 - 측면충돌,안전운전불이행,건조,맑음,단일로 - 기타,특수,남,30세,상해없음,승용,여,55세,경상
2022081400100177,2022년 8월 14일 14시,일요일,경상남도 창원시 의창구 북면,경상사고,0,0,5,0,차대차 - 추돌,안전운전불이행,건조,맑음,단일로 - 기타,승용,남,40세,상해없음,승용,여,40세,경상
2022081600100563,2022년 8월 16일 23시,화요일,부산광역시 강서구 강동동,경상사고,0,0,1,0,차량단독 - 기타,안전운전불이행,젖음/습기,비,단일로 - 기타,승용,남,49세,상해없음,,,,
2022081900100503,2022년 8월 19일 19시,금요일,부산광역시 강서구 대저1동,중상사고,0,1,1,0,차대차 - 추돌,기타,건조,맑음,단일로 - 기타,승용,남,52세,상해없음,승용,남,44세,경상
2022082000100239,2022년 8월 20일 12시,토요일,경상남도 진주시 진성면,경상사고,0,0,2,0,차대차 - 추돌,기타,젖음/습기,비,단일로 - 기타,승용,남,35세,상해없음,승용,남,40세,경상
2022082000100446,2022년 8월 20일 17시,토요일,전라남도 광양시 옥곡면,경상사고,0,0,2,0,차량단독 - 공작물충돌,안전운전불이행,건조,맑음,기타 - 기타,화물,남,60세,경상,,,,
2022082200100485,2022년 8월 22일 20시,월요일,경상남도 하동군 고전면,경상사고,0,0,1,0,차대차 - 기타,안전운전불이행,건조,맑음,단일로 - 기타,화물,남,55세,상해없음,승용,남,28세,경상
2022082400100261,2022년 8월 24일 12시,수요일,경상남도 사천시 축동면,경상사고,0,0,1,0,차대차 - 기타,기타,젖음/습기,비,단일로 - 기타,화물,남,74세,상해없음,특수,남,39세,경상
2022082400100509,2022년 8월 24일 19시,수요일,전라남도 광양시 봉강면,경상사고,0,0,1,0,차대차 - 추돌,안전운전불이행,건조,맑음,단일로 - 기타,승용,남,51세,상해없음,승합,남,49세,경상
2022082700100051,2022년 8월 27일 03시,토요일,경상남도 진주시 진성면,경상사고,0,0,1,0,차대차 - 추돌,안전운전불이행,건조,맑음,단일로 - 기타,승용,남,50세,상해없음,승용,여,45세,경상
2022082700100435,2022년 8월 27일 16시,토요일,경상남도 사천시 곤양면,경상사고,0,0,2,0,차대차 - 측면충돌,안전운전불이행,건조,맑음,단일로 - 기타,승용,남,87세,상해없음,승용,남,24세,경상
2022082700100436,2022년 8월 27일 16시,토요일,경상남도 함안군 가야읍,중상사고,0,1,1,0,차대차 - 추돌,안전운전불이행,건조,맑음,단일로 - 기타,승용,남,30세,상해없음,승용,남,49세,중상
2022082800100139,2022년 8월 28일 11시,일요일,부산광역시 강서구 대저1동,경상사고,0,0,4,0,차대차 - 추돌,안전거리미확보,건조,맑음,단일로 - 기타,승용,남,59세,상해없음,승용,남,41세,경상
2022083000100182,2022년 8월 30일 10시,화요일,경상남도 사천시 축동면,중상사고,0,1,0,0,차대차 - 추돌,안전운전불이행,건조,맑음,단일로 - 기타,특수,남,59세,상해없음,승용,남,71세,중상
2022083000100477,2022년 8월 30일 19시,화요일,부산광역시 강서구 대저1동,경상사고,0,0,1,0,차대차 - 기타,안전거리미확보,젖음/습기,흐림,기타 - 기타,승용,남,41세,상해없음,승용,남,27세,경상
2022090200100337,2022년 9월 2일 14시,금요일,경상남도 김해시 부원동,부상신고사고,0,0,0,1,차대차 - 기타,안전거리미확보,젖음/습기,비,단일로 - 기타,화물,남,28세,상해없음,승용,남,70세,부상신고
2022090400100015,2022년 9월 4일 01시,일요일,경상남도 진주시 가좌동,중상사고,0,1,0,1,차대차 - 기타,안전운전불이행,젖음/습기,비,단일로 - 기타,화물,남,24세,부상신고,승용,남,31세,상해없음
2022090700100615,2022년 9월 7일 19시,수요일,경상남도 진주시 정촌면,경상사고,0,0,1,0,차대차 - 기타,안전운전불이행,건조,맑음,단일로 - 기타,승용,여,45세,상해없음,건설기계,남,38세,경상
2022090900100287,2022년 9월 9일 14시,금요일,전라남도 영암군 학산면,경상사고,0,0,3,0,차대차 - 추돌,안전운전불이행,건조,맑음,기타 - 기타,승용,남,59세,경상,승용,남,64세,경상
2022090900100454,2022년 9월 9일 20시,금요일,경상남도 김해시 풍유동,경상사고,0,0,2,0,차대차 - 측면충돌,안전거리미확보,건조,맑음,기타 - 기타,승용,여,59세,상해없음,승용,남,31세,경상
2022091000100260,2022년 9월 10일 16시,토요일,경상남도 사천시 축동면,경상사고,0,0,2,0,차대차 - 추돌,안전운전불이행,기타,맑음,단일로 - 기타,승용,남,40세,상해없음,승용,남,48세,상해없음
2022091200100124,2022년 9월 12일 11시,월요일,경상남도 함안군 가야읍,중상사고,0,1,0,0,차대사람 - 기타,안전운전불이행,건조,맑음,단일로 - 기타,특수,남,53세,상해없음,보행자,남,39세,중상
2022091500100462,2022년 9월 15일 20시,목요일,부산광역시 강서구 대저1동,경상사고,0,0,1,0,차대차 - 기타,안전운전불이행,건조,맑음,단일로 - 기타,승용,남,52세,상해없음,특수,남,28세,경상
2022092400100436,2022년 9월 24일 16시,토요일,경상남도 함안군 산인면,중상사고,0,1,3,0,차대차 - 기타,안전운전불이행,건조,맑음,단일로 - 기타,건설기계,남,51세,상해없음,승용,남,43세,중상
2022092500100119,2022년 9월 25일 10시,일요일,경상남도 김해시 진영읍,경상사고,0,0,2,0,차대차 - 기타,안전운전불이행,건조,맑음,단일로 - 기타,화물,남,49세,상해없음,승용,남,51세,경상
2022100100100063,2022년 10월 1일 05시,토요일,경상남도 김해시 부곡동,중상사고,0,1,0,0,차대차 - 기타,안전운전불이행,건조,맑음,단일로 - 기타,승용,남,56세,상해없음,승용,여,57세,중상
2022100100100230,2022년 10월 1일 11시,토요일,경상남도 김해시 진영읍,경상사고,0,0,1,0,차대차 - 기타,안전운전불이행,건조,맑음,단일로 - 기타,화물,남,57세,상해없음,화물,남,31세,경상
2022100300100080,2022년 10월 3일 08시,월요일,부산광역시 강서구 대저1동,경상사고,0,0,6,0,차대차 - 측면충돌,안전거리미확보,건조,맑음,단일로 - 기타,승용,여,65세,경상,건설기계,남,70세,경상
2022100300100087,2022년 10월 3일 08시,월요일,전라남도 보성군 노동면,경상사고,0,0,1,0,차대차 - 기타,안전운전불이행,건조,맑음,기타 - 기타,승용,남,75세,경상,승용,남,18세,기타불명
2022100800100176,2022년 10월 8일 10시,토요일,경상남도 하동군 진교면,중상사고,0,1,0,0,차대차 - 기타,안전운전불이행,기타,기타,단일로 - 기타,화물,남,54세,상해없음,화물,남,39세,중상
2022101000100341,2022년 10월 10일 17시,월요일,경상남도 진주시 사봉면,중상사고,0,1,0,0,차대차 - 기타,안전운전불이행,건조,맑음,단일로 - 기타,화물,남,54세,상해없음,승용,여,51세,중상
2022101100100667,2022년 10월 11일 22시,화요일,경상남도 창원시 의창구 동읍,중상사고,0,1,1,0,차대사람 - 기타,안전운전불이행,건조,맑음,단일로 - 기타,화물,남,59세,상해없음,보행자,남,59세,중상
2022101600100350,2022년 10월 16일 18시,일요일,부산광역시 강서구 대저2동,경상사고,0,0,5,0,차대차 - 기타,안전거리미확보,건조,맑음,단일로 - 기타,승용,여,50세,상해없음,승용,여,45세,경상
2022101700100457,2022년 10월 17일 16시,월요일,전라남도 보성군 조성면,중상사고,0,1,0,0,차대차 - 추돌,안전운전불이행,건조,맑음,단일로 - 기타,승용,여,25세,중상,건설기계,남,51세,상해없음
2022102000100147,2022년 10월 20일 09시,목요일,경상남도 김해시 안동,경상사고,0,0,3,0,차대차 - 기타,신호위반,건조,맑음,단일로 - 기타,화물,남,27세,상해없음,승용,남,28세,경상
2022102000100165,2022년 10월 20일 09시,목요일,경상남도 진주시 정촌면,중상사고,0,1,0,0,차대차 - 추돌,안전운전불이행,건조,맑음,단일로 - 기타,승용,남,31세,상해없음,승용,여,48세,중상
2022102200100179,2022년 10월 22일 10시,토요일,경상남도 하동군 진교면,경상사고,0,0,8,2,차대차 - 추돌,안전운전불이행,건조,맑음,단일로 - 기타,승용,여,36세,상해없음,승용,남,24세,부상신고
2022102200100418,2022년 10월 22일 16시,토요일,경상남도 창원시 의창구 동읍,경상사고,0,0,2,0,차대차 - 추돌,안전운전불이행,건조,맑음,단일로 - 터널,승용,남,59세,상해없음,승용,남,58세,경상
2022102300100431,2022년 10월 23일 22시,일요일,경상남도 진주시 지수면,경상사고,0,0,6,0,차대차 - 추돌,안전운전불이행,건조,맑음,단일로 - 기타,승용,남,21세,상해없음,승용,여,66세,경상
2022102400100058,2022년 10월 24일 07시,월요일,경상남도 김해시 주촌면,경상사고,0,0,1,1,차대차 - 추돌,안전거리미확보,건조,맑음,단일로 - 기타,승용,남,53세,상해없음,승용,남,61세,부상신고
2022102400100502,2022년 10월 24일 18시,월요일,부산광역시 강서구 강동동,경상사고,0,0,1,0,차대차 - 추돌,안전운전불이행,건조,맑음,단일로 - 기타,승용,남,65세,상해없음,승용,남,35세,경상
2022102400100605,2022년 10월 24일 20시,월요일,전라남도 광양시 광양읍,사망사고,1,0,0,0,차대차 - 추돌,안전운전불이행,건조,맑음,단일로 - 기타,화물,남,39세,상해없음,이륜,남,78세,사망
2022102500100005,2022년 10월 25일 00시,화요일,부산광역시 강서구 강동동,경상사고,0,0,1,0,차대차 - 추돌,안전운전불이행,건조,맑음,단일로 - 기타,승용,남,30세,상해없음,승용,여,65세,경상
2022103100100062,2022년 10월 31일 07시,월요일,경상남도 창원시 의창구 북면,중상사고,0,1,0,0,차대차 - 추돌,안전운전불이행,건조,맑음,단일로 - 기타,승용,남,55세,상해없음,승용,여,60세,중상
2022110100100226,2022년 11월 1일 12시,화요일,경상남도 함안군 칠원읍,사망사고,1,2,0,0,차대차 - 추돌,안전운전불이행,건조,맑음,단일로 - 기타,화물,남,61세,중상,화물,남,58세,사망
2022110200100164,2022년 11월 2일 09시,수요일,경상남도 김해시 진영읍,경상사고,0,0,1,0,차대차 - 추돌,안전운전불이행,건조,맑음,단일로 - 기타,건설기계,남,42세,상해없음,화물,남,49세,경상
2022110900100442,2022년 11월 9일 18시,수요일,경상남도 김해시 부원동,부상신고사고,0,0,0,1,차대차 - 기타,안전운전불이행,건조,맑음,단일로 - 기타,화물,남,57세,상해없음,승용,여,48세,부상신고
2022111100100246,2022년 11월 11일 12시,금요일,전라남도 광양시 진상면,경상사고,0,0,1,0,차대차 - 기타,안전운전불이행,건조,맑음,기타 - 기타,화물,남,36세,기타불명,승용,남,57세,경상
2022111200100150,2022년 11월 12일 10시,토요일,경상남도 김해시 진례면,중상사고,0,3,2,0,차대차 - 추돌,안전운전불이행,건조,맑음,단일로 - 기타,승합,여,43세,상해없음,승용,남,51세,중상
2022111300100066,2022년 11월 13일 04시,일요일,경상남도 김해시 진례면,경상사고,0,0,1,0,차대차 - 추돌,기타,젖음/습기,비,단일로 - 기타,기타불명,기타불명,미분류,기타불명,승용,남,30세,경상
2022111300100067,2022년 11월 13일 04시,일요일,경상남도 김해시 진례면,중상사고,0,3,0,0,차대차 - 추돌,안전운전불이행,젖음/습기,비,단일로 - 기타,승용,남,62세,상해없음,승용,남,30세,상해없음
2022111400100577,2022년 11월 14일 22시,월요일,경상남도 김해시 풍유동,중상사고,0,1,0,0,차대차 - 기타,안전운전불이행,건조,맑음,단일로 - 기타,승용,남,57세,상해없음,화물,남,33세,중상
2022111900100250,2022년 11월 19일 13시,토요일,경상남도 함안군 칠원읍,중상사고,0,3,6,0,차대차 - 추돌,안전운전불이행,건조,맑음,단일로 - 기타,승용,여,24세,상해없음,승용,남,27세,경상
2022112200100357,2022년 11월 22일 17시,화요일,경상남도 김해시 진례면,경상사고,0,0,1,0,차대차 - 측면충돌,안전거리미확보,건조,맑음,단일로 - 기타,승용,여,53세,상해없음,특수,남,31세,경상
2022112600100283,2022년 11월 26일 15시,토요일,경상남도 김해시 주촌면,중상사고,0,1,0,0,차대차 - 측면충돌,안전거리미확보,건조,맑음,단일로 - 기타,승용,여,51세,기타불명,승용,남,69세,중상
2022120400100252,2022년 12월 4일 16시,일요일,경상남도 함안군 군북면,경상사고,0,0,2,0,차대차 - 기타,기타,건조,맑음,단일로 - 기타,화물,남,55세,상해없음,승용,여,28세,경상
2022120500100030,2022년 12월 5일 06시,월요일,경상남도 진주시 문산읍,중상사고,0,1,0,0,차대차 - 측면충돌,안전운전불이행,건조,맑음,단일로 - 기타,화물,남,64세,상해없음,승용,여,47세,중상
2022120600100388,2022년 12월 6일 16시,화요일,경상남도 김해시 불암동,중상사고,0,1,0,0,차량단독 - 공작물충돌,안전운전불이행,건조,맑음,단일로 - 기타,승용,남,77세,중상,,,,
2022121000100225,2022년 12월 10일 12시,토요일,경상남도 창원시 의창구 북면,경상사고,0,0,1,0,차대차 - 추돌,안전운전불이행,건조,맑음,단일로 - 터널,승용,남,31세,상해없음,승용,여,58세,경상
2022121200100254,2022년 12월 12일 14시,월요일,경상남도 창원시 의창구 북면,경상사고,0,0,1,0,차대차 - 기타,안전운전불이행,건조,맑음,단일로 - 기타,화물,남,64세,상해없음,승용,여,66세,경상
2022121200100527,2022년 12월 12일 20시,월요일,전라남도 장흥군 부산면,경상사고,0,0,1,0,차대차 - 기타,안전운전불이행,건조,맑음,단일로 - 기타,화물,남,45세,상해없음,승용,남,29세,경상
2022121400100084,2022년 12월 14일 08시,수요일,경상남도 김해시 진례면,경상사고,0,0,1,0,차대차 - 기타,안전운전불이행,건조,맑음,단일로 - 기타,특수,남,57세,상해없음,승용,여,48세,경상
2022121600100458,2022년 12월 16일 18시,금요일,경상남도 함안군 칠원읍,경상사고,0,0,1,0,차대차 - 추돌,안전운전불이행,건조,맑음,단일로 - 기타,승용,여,58세,상해없음,승용,남,31세,경상
2022122200100065,2022년 12월 22일 07시,목요일,부산광역시 강서구 대저1동,경상사고,0,0,1,0,차대차 - 측면충돌,안전거리미확보,건조,맑음,단일로 - 기타,승용,남,31세,상해없음,승용,남,29세,경상
2022122200100479,2022년 12월 22일 20시,목요일,전라남도 강진군 성전면,중상사고,0,1,0,0,차량단독 - 전도전복 - 전도,안전운전불이행,서리/결빙,눈,기타 - 기타,화물,남,47세,중상,,,,
2022122900100405,2022년 12월 29일 17시,목요일,경상남도 진주시 지수면,경상사고,0,0,2,0,차대차 - 기타,기타,건조,맑음,단일로 - 기타,화물,남,59세,상해없음,승용,남,34세,경상
2022030900100245,2022년 3월 9일 15시,수요일,경상남도 창원시 마산회원구 내서읍,경상사고,0,0,1,0,차대차 - 기타,안전운전불이행,건조,맑음,단일로 - 기타,승용,남,60세,상해없음,화물,남,41세,경상
2022042700100152,2022년 4월 27일 09시,수요일,경상남도 창원시 마산회원구 구암동,경상사고,0,0,1,0,차대차 - 측면충돌,안전거리미확보,건조,맑음,단일로 - 기타,승용,남,28세,상해없음,승용,여,44세,경상
2022051100100489,2022년 5월 11일 19시,수요일,경상남도 함안군 산인면,경상사고,0,0,2,0,차대차 - 측면충돌,안전운전불이행,건조,맑음,단일로 - 기타,승용,여,63세,상해없음,승용,남,65세,경상
2022051900100216,2022년 5월 19일 11시,목요일,경상남도 창원시 의창구 동읍,경상사고,0,0,1,0,차대차 - 추돌,안전운전불이행,건조,맑음,단일로 - 기타,승합,남,65세,상해없음,승용,남,56세,경상
2022060200100064,2022년 6월 2일 07시,목요일,경상남도 창원시 마산회원구 회성동,중상사고,0,1,0,0,차대차 - 기타,안전운전불이행,건조,맑음,단일로 - 기타,기타불명,기타불명,미분류,기타불명,승용,남,49세,중상
2022090700100379,2022년 9월 7일 14시,수요일,경상남도 창원시 마산회원구 회성동,중상사고,0,1,0,0,차대차 - 추돌,안전운전불이행,건조,맑음,단일로 - 기타,화물,남,75세,중상,승용,여,57세,상해없음
2022091100100098,2022년 9월 11일 11시,일요일,경상남도 창원시 의창구 소계동,경상사고,0,0,2,0,차대차 - 측면충돌,안전운전불이행,건조,맑음,단일로 - 기타,승용,여,39세,상해없음,승용,여,41세,경상
2022091200100026,2022년 9월 12일 01시,월요일,경상남도 창원시 마산회원구 구암동,중상사고,0,2,0,0,차대차 - 기타,중앙선침범,건조,맑음,단일로 - 기타,승용,남,29세,중상,승용,남,29세,중상
2022101300100370,2022년 10월 13일 15시,목요일,경상남도 함안군 산인면,경상사고,0,0,2,0,차대차 - 추돌,안전운전불이행,건조,맑음,단일로 - 기타,화물,남,55세,경상,화물,남,50세,경상
2022102900100115,2022년 10월 29일 09시,토요일,경상남도 창원시 마산회원구 내서읍,경상사고,0,0,2,0,차대차 - 기타,안전운전불이행,건조,맑음,단일로 - 기타,화물,남,42세,상해없음,승용,남,52세,경상
2022120800100386,2022년 12월 8일 15시,목요일,경상남도 창원시 마산회원구 회원동,경상사고,0,0,1,0,차대차 - 측면충돌,안전운전불이행,건조,맑음,단일로 - 기타,화물,남,64세,상해없음,화물,남,32세,경상
2022010300100055,2022년 1월 3일 07시,월요일,부산광역시 강서구 대저1동,부상신고사고,0,0,0,2,차대차 - 기타,안전거리미확보,건조,맑음,단일로 - 기타,승용,남,64세,부상신고,화물,남,62세,상해없음
2022011100100139,2022년 1월 11일 10시,화요일,경상남도 김해시 신문동,중상사고,0,1,0,0,차대차 - 측면충돌,안전거리미확보,건조,맑음,단일로 - 기타,특수,남,46세,상해없음,승용,여,49세,중상
2022011300100073,2022년 1월 13일 08시,목요일,경상남도 김해시 응달동,중상사고,0,1,5,0,차대차 - 기타,안전운전불이행,건조,맑음,단일로 - 기타,승용,남,26세,상해없음,화물,남,69세,경상
2022012000100058,2022년 1월 20일 08시,목요일,경상남도 김해시 수가동,경상사고,0,0,1,0,차대차 - 추돌,안전거리미확보,건조,맑음,단일로 - 기타,승용,남,26세,경상,승용,남,63세,상해없음
2022012400100488,2022년 1월 24일 20시,월요일,경상남도 김해시 수가동,경상사고,0,0,1,0,차대차 - 기타,안전운전불이행,건조,맑음,단일로 - 기타,화물,남,47세,상해없음,승용,남,63세,경상
2022020700100235,2022년 2월 7일 16시,월요일,부산광역시 강서구 봉림동,경상사고,0,0,1,0,차대차 - 기타,안전거리미확보,건조,맑음,단일로 - 기타,화물,남,72세,상해없음,승용,남,43세,경상
2022021500100436,2022년 2월 15일 22시,화요일,부산광역시 사상구 삼락동,경상사고,0,0,1,0,차대차 - 측면충돌,안전거리미확보,건조,맑음,단일로 - 기타,특수,남,66세,상해없음,승용,남,51세,경상
2022031200100314,2022년 3월 12일 18시,토요일,부산광역시 강서구 대저2동,경상사고,0,0,1,0,차대차 - 측면충돌,안전거리미확보,건조,맑음,단일로 - 기타,특수,남,53세,상해없음,승용,남,31세,경상
2022041200100564,2022년 4월 12일 23시,화요일,부산광역시 강서구 대저2동,경상사고,0,0,1,0,차대차 - 추돌,안전거리미확보,건조,맑음,단일로 - 기타,승용,남,39세,상해없음,승용,여,32세,경상
2022043000100271,2022년 4월 30일 14시,토요일,경상남도 김해시 삼문동,경상사고,0,0,1,0,차대차 - 측면충돌,신호위반,건조,맑음,단일로 - 기타,승용,남,70세,상해없음,승용,남,43세,경상
2022052100100527,2022년 5월 21일 20시,토요일,부산광역시 강서구 대저2동,경상사고,0,0,1,0,차대차 - 측면충돌,안전거리미확보,건조,맑음,단일로 - 기타,화물,남,59세,상해없음,승용,남,31세,경상
2022052600100495,2022년 5월 26일 18시,목요일,부산광역시 사상구 감전동,경상사고,0,0,2,0,차대차 - 추돌,안전운전불이행,건조,맑음,단일로 - 기타,승용,남,69세,상해없음,특수,남,43세,경상
2022053000100106,2022년 5월 30일 09시,월요일,부산광역시 강서구 대저1동,중상사고,0,1,1,3,차대차 - 추돌,안전운전불이행,건조,맑음,단일로 - 교량,화물,남,57세,상해없음,승용,남,42세,경상
2022060300100419,2022년 6월 3일 17시,금요일,부산광역시 사상구 감전동,경상사고,0,0,1,0,차대차 - 측면충돌,안전거리미확보,건조,맑음,단일로 - 기타,특수,남,59세,상해없음,승용,여,27세,경상
2022060400100581,2022년 6월 4일 23시,토요일,부산광역시 강서구 봉림동,사망사고,2,0,0,0,차량단독 - 공작물충돌,안전운전불이행,건조,맑음,단일로 - 기타,승용,남,39세,사망,,,,
2022070200100335,2022년 7월 2일 15시,토요일,경상남도 김해시 신문동,중상사고,0,1,3,0,차대차 - 추돌,안전운전불이행,건조,맑음,단일로 - 기타,승합,남,54세,상해없음,화물,남,44세,중상
2022072700100267,2022년 7월 27일 14시,수요일,부산광역시 강서구 대저2동,경상사고,0,0,1,0,차대차 - 기타,기타,건조,맑음,단일로 - 기타,화물,남,64세,상해없음,승용,남,53세,경상
2022072900100460,2022년 7월 29일 18시,금요일,부산광역시 강서구 강동동,경상사고,0,0,1,0,차대차 - 기타,안전거리미확보,건조,맑음,단일로 - 기타,승용,여,28세,경상,승용,남,30세,상해없음
2022080500100207,2022년 8월 5일 12시,금요일,부산광역시 강서구 봉림동,중상사고,0,1,0,0,차대차 - 기타,안전운전불이행,건조,맑음,단일로 - 기타,화물,남,54세,상해없음,승용,남,58세,중상