사고번호,사고일시,요일,시군구,사고내용,사망자수,중상자수,경상자수,부상신고자수,사고유형,법규위반,노면상태,기상상태,도로형태,가해운전자 차종,가해운전자 성별,가해운전자 연령,가해운전자 상해정도,피해운전자 차종,피해운전자 성별,피해운전자 연령,피해운전자 상해정도
2022021600100125,2022년 2월 16일 11시,수요일,경상북도 영천시 매산동,경상사고,0,0,2,0,차대차 - 추돌,안전운전불이행,건조,맑음,단일로 - 기타,승용,남,42세,상해없음,승용,여,48세,경상
2022022800100103,2022년 2월 28일 09시,월요일,경상북도 영천시 화산면,경상사고,0,0,3,0,차대차 - 추돌,안전운전불이행,건조,흐림,단일로 - 기타,승용,남,50세,상해없음,승합,여,55세,경상
2022040600100115,2022년 4월 6일 09시,수요일,경상북도 영천시 임고면,경상사고,0,0,1,0,차대차 - 측면충돌,안전운전불이행,건조,맑음,기타 - 기타,승용,남,54세,상해없음,화물,남,76세,경상
2022040800100028,2022년 4월 8일 03시,금요일,경상북도 포항시 북구 기계면,사망사고,1,0,1,0,차대차 - 추돌,안전운전불이행,건조,맑음,단일로 - 기타,화물,남,67세,사망,화물,남,48세,경상
2022041000100291,2022년 4월 10일 16시,일요일,대구광역시 동구 백안동,중상사고,0,1,3,0,차대차 - 추돌,안전거리미확보,건조,맑음,단일로 - 터널,승용,남,22세,상해없음,승용,여,38세,중상
2022041000100349,2022년 4월 10일 18시,일요일,전라북도 완주군 상관면,경상사고,0,0,1,0,차대차 - 기타,신호위반,건조,맑음,단일로 - 터널,특수,남,49세,상해없음,승용,남,49세,경상
2022051100100278,2022년 5월 11일 14시,수요일,경상북도 영천시 매산동,경상사고,0,0,1,0,차대차 - 기타,차로위반,건조,맑음,단일로 - 기타,화물,남,45세,상해없음,승용,남,39세,경상
2022051700100236,2022년 5월 17일 12시,화요일,전라북도 완주군 삼례읍,경상사고,0,0,1,0,차대차 - 추돌,안전운전불이행,건조,맑음,단일로 - 기타,승용,남,58세,상해없음,화물,남,43세,경상
2022052000100310,2022년 5월 20일 14시,금요일,경상북도 영천시 매산동,경상사고,0,0,1,0,차대차 - 추돌,기타,건조,맑음,기타 - 기타,화물,남,67세,상해없음,승용,여,61세,경상
2022052100100564,2022년 5월 21일 21시,토요일,경상북도 경주시 강동면,경상사고,0,0,2,0,차대차 - 측면충돌,안전운전불이행,건조,맑음,단일로 - 기타,승용,여,25세,상해없음,승용,남,44세,상해없음
2022062300100127,2022년 6월 23일 08시,목요일,경상북도 경주시 강동면,경상사고,0,0,2,0,차대차 - 추돌,안전운전불이행,건조,맑음,단일로 - 기타,승용,여,19세,상해없음,승용,남,30세,경상
2022070400100430,2022년 7월 4일 17시,월요일,대구광역시 동구 도동,경상사고,0,0,1,0,차대차 - 측면충돌,안전운전불이행,건조,맑음,단일로 - 기타,승용,여,44세,상해없음,승용,여,30세,경상
2022070700100360,2022년 7월 7일 15시,목요일,대구광역시 동구 평광동,경상사고,0,0,1,0,차대차 - 기타,안전운전불이행,건조,맑음,단일로 - 기타,특수,남,47세,상해없음,화물,남,36세,경상
2022080900100169,2022년 8월 9일 11시,화요일,경상북도 영천시 청통면,경상사고,0,0,1,0,차대차 - 기타,차로위반,건조,맑음,단일로 - 기타,화물,남,74세,상해없음,승용,여,59세,경상
2022080900100285,2022년 8월 9일 15시,화요일,대구광역시 동구 도동,중상사고,0,1,1,1,차대차 - 추돌,안전운전불이행,건조,맑음,단일로 - 터널,화물,남,34세,부상신고,화물,남,48세,경상
2022092400100097,2022년 9월 24일 08시,토요일,경상북도 경산시 와촌면,경상사고,0,0,1,0,차대차 - 측면충돌,안전운전불이행,건조,맑음,기타 - 기타,승용,남,65세,상해없음,화물,남,39세,경상
2022092400100348,2022년 9월 24일 14시,토요일,전라북도 진안군 진안읍,경상사고,0,0,1,0,차량단독 - 공작물충돌,안전운전불이행,건조,맑음,기타 - 기타,승용,남,53세,경상,,,,
2022092400100467,2022년 9월 24일 17시,토요일,경상북도 영천시 임고면,경상사고,0,0,2,1,차대차 - 기타,신호위반,건조,맑음,단일로 - 터널,승용,여,63세,부상신고,승용,여,57세,경상
2022102300100318,2022년 10월 23일 17시,일요일,경상북도 영천시 임고면,경상사고,0,0,2,0,차량단독 - 기타,안전운전불이행,건조,맑음,기타 - 기타,특수,남,28세,상해없음,,,,
2022110100100336,2022년 11월 1일 15시,화요일,경상북도 경산시 와촌면,경상사고,0,0,3,0,차대차 - 추돌,안전운전불이행,건조,맑음,단일로 - 기타,승용,기타불명,미분류,기타불명,승용,남,54세,경상
2022110700100060,2022년 11월 7일 07시,월요일,전라북도 익산시 왕궁면,사망사고,1,0,0,0,차량단독 - 공작물충돌,안전운전불이행,건조,맑음,단일로 - 기타,특수,남,48세,사망,,,,
2022111500100506,2022년 11월 15일 18시,화요일,전라북도 진안군 부귀면,사망사고,1,1,1,0,차대차 - 추돌,안전운전불이행,건조,맑음,단일로 - 터널,화물,남,63세,사망,특수,남,62세,경상
2022121100100129,2022년 12월 11일 11시,일요일,경상북도 포항시 남구 연일읍,경상사고,0,0,3,0,차대차 - 측면충돌,안전운전불이행,건조,맑음,단일로 - 기타,승용,여,35세,상해없음,승용,여,28세,경상
2022122100100185,2022년 12월 21일 09시,수요일,경상북도 영천시 임고면,중상사고,0,1,3,0,차량단독 - 공작물충돌,안전운전불이행,적설,눈,단일로 - 기타,승합,남,49세,상해없음,,,,
2022123000100219,2022년 12월 30일 12시,금요일,경상북도 영천시 임고면,경상사고,0,0,2,0,차대차 - 측면충돌,신호위반,건조,맑음,단일로 - 터널,승합,남,50세,상해없음,승용,남,33세,경상
2022010100100113,2022년 1월 1일 12시,토요일,경기도 고양시 덕양구 원당동,경상사고,0,0,1,0,차대차 - 기타,차로위반,건조,맑음,단일로 - 기타,승용,남,51세,상해없음,승용,여,53세,경상
2022022100100381,2022년 2월 21일 17시,월요일,경기도 고양시 덕양구 덕은동,경상사고,0,0,1,0,차대차 - 기타,차로위반,건조,맑음,단일로 - 기타,승용,남,26세,상해없음,승용,남,30세,경상
2022031200100307,2022년 3월 12일 17시,토요일,경기도 고양시 덕양구 원당동,중상사고,0,1,0,0,차대차 - 추돌,안전운전불이행,젖음/습기,비,단일로 - 기타,화물,남,39세,상해없음,승용,남,39세,중상
2022040300100353,2022년 4월 3일 19시,일요일,경기도 파주시 금릉동,경상사고,0,0,2,0,차대차 - 추돌,안전운전불이행,건조,맑음,단일로 - 기타,화물,남,56세,상해없음,승용,남,71세,경상
2022040900100099,2022년 4월 9일 08시,토요일,경기도 고양시 덕양구 덕은동,중상사고,0,1,0,0,차대차 - 측면충돌,안전운전불이행,건조,맑음,단일로 - 기타,승용,남,37세,상해없음,승용,여,56세,중상
2022042700100520,2022년 4월 27일 19시,수요일,경기도 고양시 일산동구 설문동,중상사고,0,1,0,0,차대차 - 측면충돌,안전운전불이행,건조,맑음,단일로 - 기타,승용,남,22세,상해없음,승용,남,60세,중상
2022051300100455,2022년 5월 13일 17시,금요일,경기도 고양시 덕양구 원당동,경상사고,0,0,1,0,차대차 - 측면충돌,안전운전불이행,건조,맑음,단일로 - 기타,승용,남,53세,상해없음,승용,남,35세,경상
2022052400100412,2022년 5월 24일 16시,화요일,경기도 고양시 덕양구 원당동,경상사고,0,0,1,0,차대차 - 추돌,안전운전불이행,건조,맑음,단일로 - 기타,승용,남,61세,상해없음,승용,남,57세,경상
2022060700100185,2022년 6월 7일 10시,화요일,경기도 파주시 월롱면,중상사고,0,1,0,0,차대차 - 추돌,안전운전불이행,건조,맑음,단일로 - 기타,화물,남,31세,상해없음,승용,여,46세,중상
2022061000100037,2022년 6월 10일 04시,금요일,경기도 고양시 일산동구 설문동,경상사고,0,0,1,0,차대차 - 추돌,안전운전불이행,젖음/습기,흐림,단일로 - 기타,승용,남,38세,상해없음,승용,남,60세,상해없음
2022061800100495,2022년 6월 18일 19시,토요일,경기도 고양시 일산동구 성석동,경상사고,0,0,3,0,차대차 - 측면충돌,차로위반,건조,맑음,단일로 - 기타,승용,남,71세,상해없음,승용,남,44세,경상
2022070400100441,2022년 7월 4일 17시,월요일,경기도 고양시 일산동구 사리현동,경상사고,0,0,1,0,차대차 - 기타,안전운전불이행,건조,맑음,단일로 - 기타,승용,남,49세,상해없음,화물,남,41세,경상
2022073000100534,2022년 7월 30일 21시,토요일,경기도 고양시 일산동구 사리현동,경상사고,0,0,1,0,차대차 - 측면충돌,안전거리미확보,건조,맑음,단일로 - 기타,승용,여,59세,상해없음,승용,여,43세,경상
2022080100100067,2022년 8월 1일 07시,월요일,경기도 고양시 덕양구 도내동,중상사고,0,2,0,0,차대차 - 기타,기타,젖음/습기,비,단일로 - 기타,화물,남,59세,중상,승용,남,53세,중상
2022081700100446,2022년 8월 17일 17시,수요일,경기도 고양시 덕양구 원당동,경상사고,0,0,3,0,차대차 - 추돌,안전운전불이행,건조,맑음,단일로 - 기타,승용,남,31세,기타불명,승용,남,33세,경상
2022082800100013,2022년 8월 28일 00시,일요일,경기도 파주시 조리읍,경상사고,0,0,2,0,차대차 - 기타,기타,건조,맑음,단일로 - 기타,승용,여,53세,상해없음,승용,남,59세,경상
2022082900100050,2022년 8월 29일 06시,월요일,경기도 고양시 덕양구 도내동,중상사고,0,1,1,0,차대차 - 추돌,안전운전불이행,건조,맑음,단일로 - 기타,화물,남,51세,상해없음,승용,여,67세,중상
2022101600100469,2022년 10월 16일 21시,일요일,경기도 고양시 덕양구 강매동,경상사고,0,0,2,0,차대차 - 기타,중앙선침범,건조,맑음,단일로 - 기타,승용,여,63세,경상,승용,남,41세,경상
2022102100100387,2022년 10월 21일 16시,금요일,경기도 고양시 덕양구 원당동,경상사고,0,0,4,0,차대차 - 기타,안전거리미확보,건조,맑음,단일로 - 기타,승합,남,66세,상해없음,승용,남,28세,경상
2022102600100495,2022년 10월 26일 18시,수요일,경기도 고양시 덕양구 원당동,중상사고,0,1,1,0,차대차 - 추돌,안전운전불이행,건조,맑음,단일로 - 기타,화물,남,59세,상해없음,승용,여,49세,중상
2022111300100148,2022년 11월 13일 11시,일요일,경기도 파주시 월롱면,경상사고,0,0,1,0,차대사람 - 기타,안전운전불이행,건조,맑음,단일로 - 기타,승용,남,46세,상해없음,보행자,남,25세,경상
2022111600100624,2022년 11월 16일 19시,수요일,경기도 고양시 일산동구 설문동,중상사고,0,1,2,0,차대차 - 추돌,안전운전불이행,건조,맑음,단일로 - 기타,화물,남,30세,상해없음,승용,남,57세,중상
2022120600100308,2022년 12월 6일 13시,화요일,경기도 고양시 덕양구 현천동,중상사고,0,1,4,0,차대차 - 측면충돌,신호위반,건조,맑음,단일로 - 기타,승용,남,28세,경상,승용,남,73세,중상
2022120600100340,2022년 12월 6일 14시,화요일,경기도 고양시 일산동구 설문동,경상사고,0,0,1,0,차대사람 - 기타,안전운전불이행,건조,맑음,단일로 - 기타,승용,남,24세,상해없음,보행자,남,37세,경상
2022122000100343,2022년 12월 20일 14시,화요일,경기도 고양시 덕양구 성사동,경상사고,0,0,1,0,차대차 - 추돌,안전거리미확보,건조,맑음,단일로 - 기타,특수,남,32세,상해없음,승용,남,31세,경상
2022122100100160,2022년 12월 21일 08시,수요일,경기도 고양시 일산동구 문봉동,경상사고,0,0,1,0,차대차 - 추돌,안전운전불이행,적설,눈,단일로 - 기타,승용,여,33세,상해없음,승용,남,38세,경상
2022122100100161,2022년 12월 21일 08시,수요일,경기도 파주시 월롱면,경상사고,0,0,2,0,차대차 - 기타,안전운전불이행,서리/결빙,눈,단일로 - 기타,승용,남,48세,경상,승용,남,29세,경상
2022122300100429,2022년 12월 23일 18시,금요일,경기도 고양시 덕양구 원당동,경상사고,0,0,1,0,차대차 - 측면충돌,안전거리미확보,건조,맑음,단일로 - 기타,화물,남,61세,상해없음,승용,남,24세,경상
2022122300100468,2022년 12월 23일 19시,금요일,경기도 고양시 덕양구 원당동,경상사고,0,0,1,0,차대차 - 기타,신호위반,건조,맑음,단일로 - 교량,승용,남,44세,상해없음,승용,남,28세,경상
2022010200100089,2022년 1월 2일 12시,일요일,강원도 춘천시 남면,경상사고,0,0,2,0,차대차 - 추돌,안전거리미확보,건조,맑음,단일로 - 터널,승용,남,50세,상해없음,승용,남,56세,경상
2022010200100119,2022년 1월 2일 13시,일요일,경기도 남양주시 와부읍,중상사고,0,1,0,1,차대차 - 추돌,안전운전불이행,건조,맑음,단일로 - 기타,승용,남,30세,상해없음,승용,남,68세,상해없음
2022010200100161,2022년 1월 2일 14시,일요일,경기도 남양주시 화도읍,경상사고,0,0,1,0,차대차 - 기타,차로위반,건조,맑음,단일로 - 기타,승합,남,50세,상해없음,승용,여,57세,경상
2022010200100205,2022년 1월 2일 16시,일요일,강원도 춘천시 동산면,경상사고,0,0,3,0,차대차 - 추돌,차로위반,건조,맑음,단일로 - 기타,승용,남,24세,상해없음,승용,여,32세,경상
2022010300100108,2022년 1월 3일 08시,월요일,강원도 춘천시 남면,경상사고,0,0,1,0,차대사람 - 기타,안전운전불이행,건조,맑음,단일로 - 기타,기타불명,기타불명,미분류,기타불명,보행자,남,52세,경상
2022010300100230,2022년 1월 3일 12시,월요일,강원도 춘천시 동산면,경상사고,0,0,4,0,차대차 - 추돌,안전거리미확보,건조,맑음,단일로 - 기타,승용,여,34세,상해없음,승용,남,38세,경상
2022010600100042,2022년 1월 6일 06시,목요일,경기도 남양주시 화도읍,경상사고,0,0,2,0,차대차 - 측면충돌,안전운전불이행,건조,맑음,단일로 - 기타,승용,남,52세,상해없음,승용,남,39세,경상
2022010600100153,2022년 1월 6일 10시,목요일,경기도 남양주시 와부읍,중상사고,0,2,0,0,차대차 - 기타,안전거리미확보,건조,맑음,단일로 - 기타,승용,남,47세,중상,승용,여,71세,중상
2022010600100435,2022년 1월 6일 18시,목요일,경기도 가평군 가평읍,경상사고,0,0,1,0,차대차 - 측면충돌,안전운전불이행,건조,맑음,단일로 - 기타,승용,남,20세,상해없음,승용,여,42세,경상
2022011300100304,2022년 1월 13일 14시,목요일,경기도 가평군 가평읍,중상사고,0,1,6,0,차대차 - 추돌,기타,건조,맑음,단일로 - 기타,승용,남,30세,중상,승용,여,37세,경상
2022011400100019,2022년 1월 14일 02시,금요일,경기도 남양주시 와부읍,경상사고,0,0,2,0,차대차 - 측면충돌,신호위반,건조,맑음,단일로 - 기타,승용,남,40세,상해없음,승용,여,51세,경상
2022011600100252,2022년 1월 16일 17시,일요일,경기도 양평군 서종면,경상사고,0,0,1,0,차대차 - 측면충돌,안전거리미확보,건조,맑음,단일로 - 기타,승용,남,28세,상해없음,승용,여,45세,경상
2022011700100057,2022년 1월 17일 07시,월요일,경기도 하남시 망월동,경상사고,0,0,1,0,차대차 - 기타,차로위반,건조,맑음,단일로 - 기타,특수,남,28세,상해없음,승용,남,33세,경상
2022011900100177,2022년 1월 19일 11시,수요일,강원도 인제군 상남면,사망사고,1,2,1,0,차대차 - 측면충돌,안전운전불이행,건조,흐림,단일로 - 터널,승용,여,52세,중상,화물,남,61세,경상
2022011900100233,2022년 1월 19일 13시,수요일,경기도 남양주시 와부읍,경상사고,0,0,3,0,차대차 - 측면충돌,안전거리미확보,건조,맑음,단일로 - 기타,승용,남,65세,상해없음,승용,여,41세,경상
2022012100100487,2022년 1월 21일 17시,금요일,경기도 양평군 서종면,경상사고,0,0,3,0,차대차 - 추돌,안전운전불이행,건조,맑음,단일로 - 기타,화물,남,54세,상해없음,승용,여,47세,경상
2022012200100046,2022년 1월 22일 07시,토요일,강원도 홍천군 화촌면,중상사고,0,1,3,0,차대차 - 측면충돌,기타,건조,맑음,단일로 - 기타,승용,여,56세,상해없음,승용,남,35세,경상
2022012200100050,2022년 1월 22일 07시,토요일,경기도 남양주시 와부읍,경상사고,0,0,1,0,차대차 - 측면충돌,안전운전불이행,건조,맑음,단일로 - 터널,승용,남,49세,상해없음,승용,남,35세,경상
2022012300100183,2022년 1월 23일 15시,일요일,강원도 인제군 기린면,중상사고,0,2,0,0,차대차 - 측면충돌,신호위반,건조,맑음,단일로 - 기타,승용,남,24세,상해없음,승용,여,33세,중상
2022012400100253,2022년 1월 24일 12시,월요일,경기도 남양주시 화도읍,중상사고,0,1,1,2,차대차 - 추돌,안전거리미확보,건조,맑음,단일로 - 기타,화물,남,59세,상해없음,승용,여,52세,중상
2022012700100494,2022년 1월 27일 20시,목요일,경기도 양평군 서종면,경상사고,0,0,1,0,차량단독 - 공작물충돌,안전운전불이행,건조,맑음,단일로 - 기타,승용,남,42세,상해없음,,,,
2022013000100146,2022년 1월 30일 14시,일요일,강원도 홍천군 화촌면,중상사고,0,1,0,0,차대차 - 추돌,안전거리미확보,건조,맑음,단일로 - 교량,화물,남,45세,상해없음,화물,남,33세,중상
2022020300100395,2022년 2월 3일 19시,목요일,서울특별시 강동구 강일동,경상사고,0,0,1,0,차대차 - 측면충돌,안전거리미확보,건조,맑음,단일로 - 기타,화물,남,41세,상해없음,승용,여,64세,경상
2022021100100027,2022년 2월 11일 06시,금요일,강원도 홍천군 서면,경상사고,0,0,2,0,차대차 - 측면충돌,안전운전불이행,건조,맑음,단일로 - 터널,승용,남,67세,상해없음,화물,남,25세,경상
2022021200100064,2022년 2월 12일 09시,토요일,강원도 인제군 기린면,중상사고,0,1,2,0,차대차 - 추돌,안전거리미확보,건조,맑음,단일로 - 기타,승용,남,29세,상해없음,승용,여,31세,경상
2022021900100314,2022년 2월 19일 18시,토요일,강원도 춘천시 남면,경상사고,0,0,4,0,차대차 - 추돌,안전거리미확보,건조,맑음,단일로 - 기타,승용,남,34세,경상,승용,남,43세,상해없음
2022022000100203,2022년 2월 20일 16시,일요일,강원도 춘천시 남면,경상사고,0,0,5,0,차대차 - 추돌,안전운전불이행,건조,맑음,단일로 - 터널,승용,여,51세,상해없음,승용,남,42세,경상
2022022100100333,2022년 2월 21일 16시,월요일,강원도 춘천시 남면,경상사고,0,0,8,0,차대차 - 추돌,안전거리미확보,건조,맑음,단일로 - 터널,승용,여,44세,상해없음,승용,남,69세,경상
2022022500100377,2022년 2월 25일 17시,금요일,강원도 홍천군 내촌면,경상사고,0,0,1,0,차대차 - 추돌,안전운전불이행,건조,맑음,단일로 - 기타,승용,남,65세,상해없음,화물,남,71세,경상
2022022600100031,2022년 2월 26일 03시,토요일,경기도 남양주시 와부읍,경상사고,0,0,1,0,차대차 - 추돌,안전운전불이행,건조,맑음,단일로 - 기타,승합,남,43세,상해없음,승용,남,27세,경상
2022022700100344,2022년 2월 27일 21시,일요일,경기도 양평군 서종면,경상사고,0,0,2,0,차대차 - 추돌,안전운전불이행,건조,맑음,단일로 - 기타,승용,여,60세,상해없음,승용,남,45세,경상
2022022800100465,2022년 2월 28일 19시,월요일,경기도 남양주시 화도읍,경상사고,0,0,2,0,차대차 - 추돌,안전운전불이행,건조,맑음,단일로 - 기타,화물,남,63세,상해없음,승용,남,38세,경상
2022031300100109,2022년 3월 13일 13시,일요일,강원도 춘천시 남면,경상사고,0,0,1,0,차대차 - 추돌,안전거리미확보,젖음/습기,맑음,단일로 - 기타,승용,남,37세,상해없음,승용,남,39세,경상
2022031900100055,2022년 3월 19일 08시,토요일,강원도 양양군 서면,경상사고,0,0,30,0,차대차 - 추돌,안전운전불이행,적설,눈,단일로 - 교량,승용,남,42세,경상,승용,남,42세,경상
2022032500100197,2022년 3월 25일 13시,금요일,강원도 춘천시 동산면,경상사고,0,0,2,0,차대차 - 기타,차로위반,건조,맑음,단일로 - 기타,승용,남,45세,상해없음,승용,남,55세,경상
2022032500100382,2022년 3월 25일 18시,금요일,경기도 남양주시 화도읍,경상사고,0,0,3,0,차대차 - 추돌,안전거리미확보,건조,맑음,단일로 - 터널,화물,남,54세,상해없음,승용,여,24세,상해없음
2022032700100013,2022년 3월 27일 00시,일요일,경기도 남양주시 와부읍,부상신고사고,0,0,0,1,차대차 - 추돌,안전거리미확보,건조,맑음,단일로 - 기타,승용,남,37세,상해없음,승용,남,63세,부상신고
2022032700100028,2022년 3월 27일 03시,일요일,경기도 남양주시 화도읍,중상사고,0,3,4,0,차대차 - 추돌,안전운전불이행,건조,맑음,단일로 - 기타,승용,남,21세,상해없음,승용,남,30세,상해없음
2022032900100485,2022년 3월 29일 21시,화요일,경기도 남양주시 와부읍,경상사고,0,0,1,0,차대차 - 기타,안전거리미확보,건조,맑음,단일로 - 기타,승용,남,62세,상해없음,화물,남,58세,경상
2022040300100204,2022년 4월 3일 15시,일요일,강원도 홍천군 내촌면,경상사고,0,0,4,2,차대차 - 추돌,안전거리미확보,건조,맑음,단일로 - 기타,승용,남,50세,상해없음,승용,남,49세,경상
2022040400100010,2022년 4월 4일 00시,월요일,경기도 하남시 선동,경상사고,0,0,2,0,차대차 - 추돌,안전운전불이행,건조,맑음,단일로 - 기타,승용,남,40세,상해없음,승용,남,39세,경상
2022040900100407,2022년 4월 9일 16시,토요일,경기도 양평군 서종면,경상사고,0,0,2,0,차대차 - 추돌,안전운전불이행,건조,맑음,단일로 - 교량,승용,남,41세,상해없음,승용,남,31세,경상
2022042100100570,2022년 4월 21일 23시,목요일,경기도 양평군 서종면,경상사고,0,0,1,0,차대차 - 추돌,안전운전불이행,건조,맑음,단일로 - 교량,승용,남,47세,상해없음,특수,남,46세,경상
2022042300100300,2022년 4월 23일 15시,토요일,강원도 인제군 상남면,경상사고,0,0,2,0,차대차 - 기타,신호위반,건조,맑음,기타 - 기타,승합,여,23세,상해없음,승용,남,31세,경상
2022042400100121,2022년 4월 24일 10시,일요일,경기도 남양주시 화도읍,경상사고,0,0,2,0,차대차 - 측면충돌,안전운전불이행,건조,맑음,단일로 - 기타,승용,남,72세,상해없음,승용,남,51세,경상
2022042400100294,2022년 4월 24일 16시,일요일,경기도 남양주시 와부읍,경상사고,0,0,2,1,차대차 - 추돌,안전거리미확보,건조,맑음,단일로 - 터널,승용,남,73세,상해없음,승용,남,67세,경상
2022042700100609,2022년 4월 27일 23시,수요일,경기도 가평군 설악면,경상사고,0,0,1,0,차대차 - 기타,안전거리미확보,건조,기타,단일로 - 기타,화물,남,56세,상해없음,승용,남,25세,상해없음
2022043000100295,2022년 4월 30일 14시,토요일,경기도 하남시 선동,경상사고,0,0,1,0,차대차 - 기타,안전거리미확보,건조,맑음,단일로 - 기타,승용,여,26세,상해없음,승용,남,55세,경상
2022043000100310,2022년 4월 30일 15시,토요일,강원도 인제군 상남면,중상사고,0,2,1,1,차대차 - 추돌,안전거리미확보,건조,맑음,단일로 - 터널,화물,여,55세,중상,승용,남,61세,상해없음
2022043000100403,2022년 4월 30일 17시,토요일,경기도 가평군 설악면,경상사고,0,0,1,0,차대차 - 추돌,안전운전불이행,건조,맑음,단일로 - 터널,승용,남,29세,상해없음,승용,남,46세,경상
2022050100100132,2022년 5월 1일 10시,일요일,경기도 가평군 설악면,경상사고,0,0,1,1,차대차 - 추돌,안전운전불이행,건조,맑음,단일로 - 기타,승용,남,30세,기타불명,승용,남,39세,부상신고
2022051100100060,2022년 5월 11일 07시,수요일,강원도 춘천시 남면,경상사고,0,0,1,0,차대차 - 추돌,안전거리미확보,건조,맑음,단일로 - 기타,화물,남,48세,상해없음,승용,남,40세,경상
2022051200100026,2022년 5월 12일 01시,목요일,경기도 하남시 미사동,경상사고,0,0,1,0,차대차 - 추돌,안전운전불이행,건조,맑음,단일로 - 교량,승용,남,37세,상해없음,승용,남,39세,경상
2022051200100198,2022년 5월 12일 11시,목요일,강원도 춘천시 동산면,중상사고,0,1,1,0,차대차 - 측면충돌,안전운전불이행,건조,맑음,단일로 - 기타,승용,남,28세,상해없음,승용,남,81세,경상
2022051200100390,2022년 5월 12일 16시,목요일,경기도 남양주시 화도읍,경상사고,0,0,2,0,차대차 - 추돌,안전거리미확보,건조,맑음,단일로 - 교량,승용,남,66세,상해없음,승용,여,59세,경상
2022051800100090,2022년 5월 18일 07시,수요일,경기도 가평군 설악면,중상사고,0,1,3,0,차대차 - 추돌,안전거리미확보,건조,맑음,단일로 - 기타,승용,남,24세,상해없음,승용,남,60세,경상
2022052300100014,2022년 5월 23일 01시,월요일,경기도 남양주시 와부읍,사망사고,1,0,0,0,차대사람 - 기타,안전운전불이행,건조,맑음,단일로 - 터널,승용,남,26세,상해없음,보행자,여,51세,사망
2022052400100196,2022년 5월 24일 10시,화요일,경기도 남양주시 삼패동,경상사고,0,0,1,0,차량단독 - 기타,안전운전불이행,건조,맑음,단일로 - 기타,화물,남,59세,경상,,,,
2022052800100211,2022년 5월 28일 11시,토요일,경기도 남양주시 화도읍,경상사고,0,0,5,0,차대차 - 측면충돌,안전운전불이행,건조,맑음,단일로 - 기타,승용,남,67세,상해없음,승용,남,35세,경상
2022060300100315,2022년 6월 3일 14시,금요일,강원도 춘천시 남면,경상사고,0,0,3,2,차대차 - 추돌,안전거리미확보,건조,맑음,단일로 - 터널,화물,남,31세,상해없음,승용,남,44세,경상
2022060400100384,2022년 6월 4일 16시,토요일,강원도 춘천시 남산면,경상사고,0,0,6,0,차대차 - 추돌,안전거리미확보,건조,맑음,단일로 - 터널,승용,남,32세,경상,승용,남,30세,경상
2022060600100241,2022년 6월 6일 14시,월요일,경기도 남양주시 화도읍,경상사고,0,0,5,0,차대차 - 추돌,안전운전불이행,건조,맑음,단일로 - 기타,승용,남,39세,상해없음,승용,남,42세,경상
2022060800100032,2022년 6월 8일 02시,수요일,경기도 남양주시 와부읍,중상사고,0,1,0,0,차대차 - 기타,안전운전불이행,건조,기타,기타 - 기타,승용,여,56세,상해없음,승용,남,52세,중상
2022061200100186,2022년 6월 12일 13시,일요일,경기도 양평군 서종면,중상사고,0,1,2,0,차대차 - 기타,신호위반,건조,맑음,단일로 - 기타,승용,남,60세,상해없음,승용,여,40세,중상
2022061200100348,2022년 6월 12일 20시,일요일,강원도 인제군 상남면,경상사고,0,0,1,0,차대차 - 측면충돌,안전운전불이행,건조,맑음,주차장 - 주차장,승용,남,43세,상해없음,승용,남,58세,경상
2022061300100341,2022년 6월 13일 16시,월요일,강원도 춘천시 남산면,중상사고,0,2,0,3,차대차 - 추돌,안전거리미확보,건조,맑음,단일로 - 기타,승용,남,24세,상해없음,승용,남,25세,부상신고
2022061300100405,2022년 6월 13일 17시,월요일,경기도 남양주시 화도읍,경상사고,0,0,1,0,차대차 - 추돌,안전운전불이행,건조,맑음,단일로 - 기타,화물,남,58세,상해없음,승용,여,37세,경상
2022061700100543,2022년 6월 17일 20시,금요일,강원도 홍천군 서면,경상사고,0,0,4,0,차대차 - 측면충돌,안전운전불이행,건조,맑음,단일로 - 기타,승용,남,44세,상해없음,화물,남,71세,경상
2022061800100360,2022년 6월 18일 15시,토요일,경기도 남양주시 와부읍,경상사고,0,0,2,0,차대차 - 측면충돌,안전운전불이행,건조,맑음,단일로 - 기타,승합,남,34세,상해없음,승용,여,57세,경상
2022062100100021,2022년 6월 21일 04시,화요일,서울특별시 강동구 강일동,중상사고,0,1,1,0,차대차 - 측면충돌,안전거리미확보,건조,맑음,단일로 - 기타,승합,남,77세,상해없음,화물,남,58세,경상
2022062200100465,2022년 6월 22일 17시,수요일,경기도 하남시 선동,경상사고,0,0,1,0,차대차 - 측면충돌,안전거리미확보,건조,맑음,단일로 - 기타,승용,여,61세,상해없음,승용,남,32세,경상
2022062300100665,2022년 6월 23일 23시,목요일,경기도 남양주시 화도읍,경상사고,0,0,1,0,차대차 - 기타,안전거리미확보,젖음/습기,비,단일로 - 기타,승용,남,26세,상해없음,승용,여,58세,경상