사고번호,사고일시,요일,시군구,사고내용,사망자수,중상자수,경상자수,부상신고자수,사고유형,법규위반,노면상태,기상상태,도로형태,가해운전자 차종,가해운전자 성별,가해운전자 연령,가해운전자 상해정도,피해운전자 차종,피해운전자 성별,피해운전자 연령,피해운전자 상해정도
2022121500100041,2022년 12월 15일 04시,목요일,경기도 하남시 감일동,경상사고,0,0,1,0,차대차 - 기타,안전운전불이행,건조,맑음,단일로 - 기타,기타불명,기타불명,미분류,기타불명,화물,남,48세,경상
2022121600100046,2022년 12월 16일 05시,금요일,경기도 구리시 인창동,경상사고,0,0,1,0,차대차 - 측면충돌,안전거리미확보,건조,맑음,단일로 - 기타,승합,남,76세,상해없음,화물,남,39세,경상
2022121600100149,2022년 12월 16일 09시,금요일,인천광역시 부평구 삼산동,경상사고,0,0,1,0,차대차 - 측면충돌,안전거리미확보,건조,맑음,단일로 - 기타,특수,남,30세,상해없음,승용,여,51세,경상
2022121600100518,2022년 12월 16일 20시,금요일,경기도 김포시 고촌읍,부상신고사고,0,0,0,2,차대차 - 추돌,안전운전불이행,건조,맑음,단일로 - 기타,승용,남,62세,상해없음,승용,남,28세,부상신고
2022121700100198,2022년 12월 17일 11시,토요일,경기도 남양주시 도농동,경상사고,0,0,2,0,차대차 - 기타,안전거리미확보,건조,맑음,단일로 - 기타,화물,남,67세,상해없음,승용,남,35세,경상
2022121700100228,2022년 12월 17일 12시,토요일,인천광역시 계양구 귤현동,경상사고,0,0,2,0,차대차 - 추돌,안전거리미확보,건조,맑음,단일로 - 교량,승용,남,39세,상해없음,승용,남,33세,경상
2022121800100108,2022년 12월 18일 10시,일요일,경기도 구리시 인창동,경상사고,0,0,3,0,차대차 - 기타,안전거리미확보,건조,맑음,단일로 - 기타,승용,여,48세,상해없음,승용,남,31세,경상
2022121800100109,2022년 12월 18일 10시,일요일,경기도 고양시 덕양구 대자동,경상사고,0,0,3,0,차대차 - 측면충돌,신호위반,건조,맑음,교차로 - 교차로안,승용,남,27세,상해없음,승용,남,29세,경상
2022121800100433,2022년 12월 18일 23시,일요일,서울특별시 강동구 고덕동,경상사고,0,0,1,0,차대차 - 기타,안전운전불이행,건조,맑음,단일로 - 기타,기타불명,기타불명,미분류,기타불명,화물,남,55세,경상
2022121900100122,2022년 12월 19일 08시,월요일,경기도 남양주시 도농동,경상사고,0,0,1,0,차대차 - 기타,안전운전불이행,건조,맑음,단일로 - 기타,화물,남,41세,상해없음,승용,여,39세,경상
2022121900100373,2022년 12월 19일 16시,월요일,경기도 구리시 토평동,경상사고,0,0,1,0,차대차 - 추돌,안전운전불이행,건조,맑음,기타 - 기타,화물,남,59세,상해없음,승용,남,57세,경상
2022122000100469,2022년 12월 20일 17시,화요일,경기도 시흥시 매화동,경상사고,0,0,2,0,차대차 - 추돌,안전운전불이행,건조,맑음,단일로 - 기타,승용,여,43세,상해없음,승용,남,35세,경상
2022122100100218,2022년 12월 21일 10시,수요일,경기도 구리시 토평동,경상사고,0,0,1,0,차대차 - 측면충돌,안전운전불이행,젖음/습기,흐림,기타 - 기타,승용,남,44세,상해없음,화물,남,50세,경상
2022122200100509,2022년 12월 22일 21시,목요일,서울특별시 송파구 장지동,경상사고,0,0,1,0,차대차 - 추돌,안전운전불이행,건조,맑음,기타 - 기타,승용,남,32세,상해없음,승용,남,37세,경상
2022122300100008,2022년 12월 23일 00시,금요일,경기도 의왕시 청계동,중상사고,0,4,0,0,차대차 - 추돌,안전운전불이행,서리/결빙,흐림,기타 - 기타,승용,남,30세,상해없음,승용,남,66세,중상
2022122300100231,2022년 12월 23일 13시,금요일,경기도 하남시 천현동,중상사고,0,1,0,0,차대차 - 기타,안전거리미확보,건조,맑음,단일로 - 기타,승용,남,53세,상해없음,화물,남,50세,중상
2022122300100397,2022년 12월 23일 18시,금요일,경기도 성남시 중원구 여수동,경상사고,0,0,1,0,차대차 - 측면충돌,안전거리미확보,건조,맑음,단일로 - 기타,승용,남,74세,상해없음,승용,남,42세,경상
2022122400100052,2022년 12월 24일 05시,토요일,경기도 안양시 동안구 호계동,경상사고,0,0,1,0,차대차 - 측면충돌,안전운전불이행,건조,맑음,기타 - 기타,승용,남,30세,상해없음,승용,남,65세,경상
2022122400100222,2022년 12월 24일 13시,토요일,경기도 성남시 수정구 태평동,경상사고,0,0,4,0,차대차 - 기타,안전운전불이행,건조,맑음,단일로 - 기타,승용,남,33세,상해없음,승용,남,31세,경상
2022122400100385,2022년 12월 24일 17시,토요일,경기도 하남시 춘궁동,경상사고,0,0,3,0,차대차 - 기타,안전운전불이행,건조,맑음,단일로 - 기타,승용,남,54세,상해없음,승용,남,24세,경상
2022122500100343,2022년 12월 25일 20시,일요일,인천광역시 계양구 노오지동,부상신고사고,0,0,0,1,차대차 - 추돌,안전운전불이행,건조,맑음,단일로 - 기타,승용,남,33세,기타불명,승용,남,45세,부상신고
2022122700100194,2022년 12월 27일 10시,화요일,인천광역시 부평구 일신동,경상사고,0,0,1,0,차대차 - 측면충돌,안전거리미확보,건조,맑음,단일로 - 교량,화물,남,60세,상해없음,승용,남,44세,경상
2022122700100247,2022년 12월 27일 12시,화요일,인천광역시 부평구 삼산동,경상사고,0,0,1,0,차대차 - 추돌,안전운전불이행,건조,맑음,단일로 - 교량,승용,남,42세,상해없음,승용,여,59세,경상
2022122700100387,2022년 12월 27일 17시,화요일,경기도 하남시 감일동,경상사고,0,0,3,0,차대차 - 추돌,안전거리미확보,건조,맑음,단일로 - 기타,승용,남,54세,경상,승용,여,63세,경상
2022122700100454,2022년 12월 27일 18시,화요일,경기도 고양시 덕양구 토당동,경상사고,0,0,1,0,차대차 - 추돌,안전거리미확보,건조,맑음,단일로 - 교량,승용,남,32세,상해없음,승용,여,55세,경상
2022122700100502,2022년 12월 27일 19시,화요일,경기도 하남시 덕풍동,경상사고,0,0,2,0,차대차 - 측면충돌,안전운전불이행,건조,맑음,단일로 - 기타,승용,남,54세,상해없음,승용,남,21세,경상
2022122700100582,2022년 12월 27일 22시,화요일,경기도 고양시 덕양구 주교동,경상사고,0,0,1,0,차대차 - 측면충돌,신호위반,건조,맑음,단일로 - 기타,승용,여,51세,상해없음,승용,남,46세,경상
2022122700100600,2022년 12월 27일 23시,화요일,인천광역시 계양구 박촌동,경상사고,0,0,2,0,차대차 - 측면충돌,안전거리미확보,건조,맑음,단일로 - 기타,승용,남,59세,상해없음,승용,남,54세,경상
2022122800100184,2022년 12월 28일 11시,수요일,경기도 하남시 초일동,경상사고,0,0,4,0,차대차 - 추돌,안전운전불이행,건조,맑음,단일로 - 기타,승용,남,76세,상해없음,승용,남,59세,경상
2022122800100222,2022년 12월 28일 12시,수요일,경기도 구리시 사노동,경상사고,0,0,4,0,차대차 - 추돌,안전운전불이행,건조,맑음,단일로 - 기타,승용,여,59세,상해없음,승용,남,30세,경상
2022122900100295,2022년 12월 29일 14시,목요일,경기도 양주시 장흥면,경상사고,0,0,1,0,차대차 - 추돌,안전운전불이행,건조,맑음,단일로 - 기타,승용,여,48세,상해없음,화물,남,65세,상해없음
2022122900100504,2022년 12월 29일 19시,목요일,경기도 안양시 동안구 호계동,경상사고,0,0,2,0,차대차 - 추돌,안전운전불이행,건조,맑음,단일로 - 기타,승용,여,36세,상해없음,승용,남,25세,경상
2022123000100363,2022년 12월 30일 15시,금요일,서울특별시 강동구 고덕동,경상사고,0,0,1,0,차대차 - 측면충돌,안전운전불이행,건조,맑음,단일로 - 기타,승용,남,72세,상해없음,승용,남,49세,경상
2022123000100450,2022년 12월 30일 17시,금요일,경기도 안산시 상록구 수암동,경상사고,0,0,1,0,차대차 - 추돌,안전운전불이행,건조,맑음,기타 - 기타,승합,남,51세,상해없음,승용,남,54세,경상
2022123000100484,2022년 12월 30일 17시,금요일,경기도 하남시 초일동,경상사고,0,0,1,0,차대차 - 기타,안전거리미확보,건조,맑음,단일로 - 기타,건설기계,남,80세,상해없음,승용,남,46세,경상
2022123000100674,2022년 12월 30일 22시,금요일,경기도 남양주시 별내동,경상사고,0,0,1,0,차대차 - 기타,안전운전불이행,건조,맑음,단일로 - 기타,승용,남,60세,상해없음,승용,남,45세,경상
2022011400100481,2022년 1월 14일 18시,금요일,경기도 부천시 상동,경상사고,0,0,2,0,차대차 - 측면충돌,신호위반,건조,맑음,단일로 - 교량,화물,남,52세,상해없음,승용,남,46세,경상
2022020600100015,2022년 2월 6일 06시,일요일,인천광역시 부평구 삼산동,중상사고,0,1,0,0,차대차 - 추돌,안전운전불이행,젖음/습기,맑음,단일로 - 교량,승합,남,57세,상해없음,특수,남,43세,중상
2022040600100249,2022년 4월 6일 14시,수요일,인천광역시 계양구 서운동,경상사고,0,0,1,0,차대차 - 추돌,차로위반,건조,맑음,단일로 - 교량,승용,여,59세,상해없음,승용,남,75세,경상
2022041600100115,2022년 4월 16일 09시,토요일,경기도 부천시 상동,경상사고,0,0,1,0,차대차 - 측면충돌,안전운전불이행,건조,맑음,단일로 - 기타,화물,남,44세,상해없음,화물,남,45세,경상
2022080500100231,2022년 8월 5일 12시,금요일,인천광역시 계양구 서운동,경상사고,0,0,2,0,차대차 - 측면충돌,안전운전불이행,건조,맑음,단일로 - 교량,승용,여,43세,경상,승용,여,40세,경상
2022092700100152,2022년 9월 27일 09시,화요일,인천광역시 부평구 삼산동,경상사고,0,0,1,0,차대차 - 측면충돌,안전거리미확보,건조,맑음,단일로 - 기타,승용,여,52세,상해없음,승용,남,41세,경상
2022101900100128,2022년 10월 19일 08시,수요일,경기도 부천시 삼정동,경상사고,0,0,1,0,차대차 - 측면충돌,차로위반,건조,맑음,단일로 - 교량,승용,남,34세,상해없음,승용,남,36세,경상
2022120800100037,2022년 12월 8일 03시,목요일,인천광역시 부평구 삼산동,경상사고,0,0,2,0,차대차 - 추돌,안전거리미확보,건조,맑음,단일로 - 고가도로위,승합,여,67세,경상,특수,남,30세,경상
2022011900100022,2022년 1월 19일 05시,수요일,충청남도 청양군 장평면,경상사고,0,0,1,1,차대차 - 추돌,안전운전불이행,건조,맑음,단일로 - 기타,화물,남,37세,부상신고,화물,남,63세,경상
2022012200100014,2022년 1월 22일 02시,토요일,충청남도 부여군 홍산면,중상사고,0,1,0,0,차대차 - 추돌,안전운전불이행,건조,맑음,단일로 - 기타,승용,남,29세,상해없음,승용,남,23세,중상
2022032900100120,2022년 3월 29일 10시,화요일,충청남도 청양군 목면,중상사고,0,1,0,0,차대차 - 추돌,안전운전불이행,건조,맑음,기타 - 기타,승용,남,67세,상해없음,화물,남,60세,중상
2022041000100011,2022년 4월 10일 00시,일요일,충청남도 부여군 홍산면,경상사고,0,0,2,0,차대차 - 추돌,기타,건조,맑음,단일로 - 기타,승용,남,26세,상해없음,승용,남,37세,경상
2022041700100402,2022년 4월 17일 19시,일요일,충청남도 서천군 서천읍,경상사고,0,0,1,0,차량단독 - 전도전복 - 전도,안전운전불이행,건조,맑음,단일로 - 기타,승용,남,68세,경상,,,,
2022050200100388,2022년 5월 2일 16시,월요일,충청남도 공주시 우성면,경상사고,0,0,1,0,차대차 - 기타,신호위반,건조,맑음,단일로 - 기타,화물,남,69세,상해없음,승합,남,54세,경상
2022101400100650,2022년 10월 14일 21시,금요일,충청남도 부여군 은산면,경상사고,0,0,2,0,차대차 - 추돌,안전운전불이행,건조,맑음,단일로 - 기타,승용,여,26세,경상,승용,남,55세,상해없음
2022010200100136,2022년 1월 2일 14시,일요일,경기도 화성시 비봉면,경상사고,0,0,3,0,차대차 - 추돌,안전운전불이행,건조,맑음,단일로 - 기타,승용,남,49세,상해없음,승용,남,27세,경상
2022010200100276,2022년 1월 2일 18시,일요일,경기도 시흥시 목감동,경상사고,0,0,1,1,차대차 - 추돌,안전운전불이행,건조,맑음,단일로 - 기타,승용,여,56세,상해없음,승용,남,57세,상해없음
2022010500100016,2022년 1월 5일 05시,수요일,경기도 평택시 포승읍,경상사고,0,0,1,0,차대차 - 기타,안전운전불이행,건조,맑음,단일로 - 기타,화물,남,58세,상해없음,승용,남,64세,경상
2022010700100427,2022년 1월 7일 18시,금요일,충청남도 서천군 화양면,경상사고,0,0,2,0,차대차 - 기타,안전운전불이행,건조,맑음,단일로 - 기타,승용,남,53세,상해없음,승용,남,34세,경상
2022010800100424,2022년 1월 8일 18시,토요일,경기도 안양시 만안구 석수동,경상사고,0,0,1,0,차대차 - 추돌,안전운전불이행,건조,맑음,단일로 - 기타,승용,남,53세,상해없음,승용,남,35세,경상
2022010900100083,2022년 1월 9일 11시,일요일,경기도 안산시 상록구 부곡동,경상사고,0,0,1,0,차대차 - 추돌,신호위반,건조,맑음,단일로 - 기타,승용,남,43세,상해없음,승용,남,29세,상해없음
2022011000100042,2022년 1월 10일 06시,월요일,경기도 광명시 일직동,경상사고,0,0,1,0,차대차 - 기타,안전거리미확보,건조,맑음,기타 - 기타,화물,남,50세,상해없음,승용,남,24세,경상
2022011000100150,2022년 1월 10일 10시,월요일,경기도 평택시 포승읍,중상사고,0,1,4,1,차대차 - 추돌,안전운전불이행,서리/결빙,흐림,단일로 - 기타,승용,여,59세,경상,승용,여,38세,경상
2022011200100275,2022년 1월 12일 14시,수요일,전라북도 부안군 동진면,경상사고,0,0,2,0,차대차 - 추돌,안전거리미확보,건조,맑음,단일로 - 기타,승용,남,73세,상해없음,승용,남,58세,경상
2022011400100021,2022년 1월 14일 03시,금요일,경기도 평택시 청북읍,경상사고,0,0,1,1,차대차 - 추돌,안전운전불이행,건조,맑음,단일로 - 기타,승용,남,26세,상해없음,화물,남,42세,경상
2022011400100301,2022년 1월 14일 14시,금요일,경기도 광명시 일직동,중상사고,0,1,0,0,차대차 - 추돌,안전운전불이행,건조,맑음,단일로 - 기타,승용,남,51세,상해없음,승용,여,30세,중상
2022011800100640,2022년 1월 18일 22시,화요일,경기도 광명시 일직동,경상사고,0,0,4,0,차대차 - 추돌,기타,건조,맑음,단일로 - 교량,승용,남,28세,상해없음,승용,남,44세,경상
2022011900100181,2022년 1월 19일 11시,수요일,충청남도 당진시 순성면,중상사고,0,1,0,0,차대차 - 추돌,안전운전불이행,건조,맑음,단일로 - 기타,화물,남,61세,상해없음,특수,남,48세,중상
2022012000100524,2022년 1월 20일 21시,목요일,경기도 화성시 향남읍,경상사고,0,0,1,0,차대차 - 추돌,기타,건조,맑음,단일로 - 기타,승용,남,38세,상해없음,승용,여,41세,경상
2022012300100121,2022년 1월 23일 13시,일요일,경기도 화성시 향남읍,중상사고,0,2,0,0,차대차 - 측면충돌,안전운전불이행,건조,맑음,단일로 - 기타,승용,남,51세,상해없음,승합,남,65세,중상
2022012300100186,2022년 1월 23일 15시,일요일,충청남도 당진시 송악읍,경상사고,0,0,8,0,차대차 - 추돌,안전운전불이행,건조,맑음,단일로 - 기타,승용,여,24세,경상,승용,여,44세,경상
2022012500100204,2022년 1월 25일 12시,화요일,경기도 안산시 상록구 장하동,중상사고,0,1,0,0,차대차 - 추돌,안전운전불이행,젖음/습기,맑음,단일로 - 기타,화물,남,48세,상해없음,화물,남,60세,상해없음
2022012500100280,2022년 1월 25일 15시,화요일,경기도 평택시 포승읍,경상사고,0,0,1,0,차대차 - 측면충돌,안전거리미확보,건조,맑음,단일로 - 기타,승용,남,62세,상해없음,특수,남,39세,경상
2022012600100031,2022년 1월 26일 05시,수요일,경기도 화성시 향남읍,경상사고,0,0,1,0,차대차 - 기타,안전운전불이행,건조,맑음,기타 - 기타,승용,남,38세,상해없음,승용,남,40세,경상
2022012600100243,2022년 1월 26일 13시,수요일,경기도 화성시 팔탄면,경상사고,0,0,3,1,차대차 - 기타,안전운전불이행,건조,맑음,단일로 - 기타,승용,여,40세,상해없음,승용,남,35세,경상
2022012700100422,2022년 1월 27일 18시,목요일,경기도 안양시 만안구 박달동,경상사고,0,0,1,0,차대차 - 측면충돌,안전거리미확보,건조,맑음,단일로 - 기타,승용,남,58세,상해없음,승용,여,23세,경상
2022012800100196,2022년 1월 28일 12시,금요일,경기도 화성시 비봉면,경상사고,0,0,1,0,차대차 - 추돌,안전운전불이행,건조,맑음,기타 - 기타,승용,남,41세,상해없음,승용,남,33세,경상
2022012800100538,2022년 1월 28일 19시,금요일,경기도 안산시 상록구 장하동,경상사고,0,0,1,0,차대차 - 기타,신호위반,건조,맑음,기타 - 기타,승용,남,26세,상해없음,화물,남,64세,경상
2022012800100555,2022년 1월 28일 20시,금요일,충청남도 당진시 송악읍,중상사고,0,3,0,0,차대차 - 기타,안전운전불이행,건조,맑음,단일로 - 기타,화물,남,58세,기타불명,승용,여,59세,중상
2022013100100281,2022년 1월 31일 20시,월요일,경기도 시흥시 목감동,경상사고,0,0,2,0,차대차 - 측면충돌,안전운전불이행,건조,맑음,단일로 - 기타,승용,남,22세,경상,승용,여,24세,상해없음
2022020200100171,2022년 2월 2일 16시,수요일,전라북도 군산시 대야면,경상사고,0,0,1,0,차대차 - 추돌,안전운전불이행,건조,맑음,단일로 - 기타,승용,남,45세,상해없음,승용,남,37세,경상
2022020300100345,2022년 2월 3일 18시,목요일,전라북도 고창군 흥덕면,경상사고,0,0,2,0,차대차 - 정면충돌,기타,건조,맑음,단일로 - 교량,특수,남,62세,상해없음,승합,남,55세,경상
2022020500100197,2022년 2월 5일 15시,토요일,경기도 화성시 팔탄면,경상사고,0,0,3,0,차대차 - 기타,안전운전불이행,건조,맑음,단일로 - 기타,승용,여,48세,상해없음,승용,남,43세,상해없음
2022020700100125,2022년 2월 7일 11시,월요일,경기도 안산시 상록구 팔곡일동,경상사고,0,0,4,3,차대차 - 추돌,안전운전불이행,건조,맑음,단일로 - 기타,승용,남,30세,경상,승용,남,54세,경상
2022021300100006,2022년 2월 13일 00시,일요일,충청남도 보령시 주교면,경상사고,0,0,1,0,차대차 - 기타,중앙선침범,건조,맑음,단일로 - 기타,승용,남,46세,상해없음,승용,남,32세,경상
2022021300100063,2022년 2월 13일 11시,일요일,경기도 화성시 팔탄면,경상사고,0,0,2,1,차대차 - 기타,안전운전불이행,건조,맑음,단일로 - 기타,화물,남,67세,상해없음,승용,남,73세,경상
2022021400100224,2022년 2월 14일 13시,월요일,경기도 시흥시 조남동,경상사고,0,0,1,0,차대차 - 기타,안전거리미확보,건조,맑음,단일로 - 기타,기타불명,기타불명,미분류,기타불명,화물,남,60세,경상
2022021400100318,2022년 2월 14일 16시,월요일,전라북도 고창군 고창읍,경상사고,0,0,1,0,차대차 - 기타,안전운전불이행,건조,맑음,단일로 - 기타,화물,남,64세,상해없음,승용,남,44세,경상
2022021500100197,2022년 2월 15일 14시,화요일,경기도 화성시 팔탄면,경상사고,0,0,1,0,차대차 - 기타,안전운전불이행,건조,맑음,단일로 - 기타,승용,여,42세,상해없음,승용,여,63세,경상
2022021600100312,2022년 2월 16일 18시,수요일,경기도 화성시 팔탄면,경상사고,0,0,1,0,차대차 - 기타,안전운전불이행,건조,맑음,단일로 - 기타,승합,남,53세,상해없음,승용,남,50세,경상
2022021700100231,2022년 2월 17일 14시,목요일,충청남도 당진시 송악읍,경상사고,0,0,1,0,차대차 - 기타,기타,건조,맑음,단일로 - 기타,화물,남,61세,상해없음,승용,남,59세,상해없음
2022021900100257,2022년 2월 19일 16시,토요일,경기도 안양시 만안구 박달동,중상사고,0,1,2,0,차대차 - 추돌,안전운전불이행,건조,맑음,단일로 - 기타,승용,남,34세,상해없음,승용,남,73세,경상
2022021900100452,2022년 2월 19일 23시,토요일,충청남도 당진시 사기소동,경상사고,0,0,1,0,차대차 - 기타,안전운전불이행,건조,맑음,단일로 - 기타,승용,남,52세,상해없음,승용,여,60세,경상
2022022000100181,2022년 2월 20일 15시,일요일,충청남도 당진시 송산면,경상사고,0,0,2,0,차대차 - 측면충돌,차로위반,건조,맑음,단일로 - 기타,승용,남,78세,상해없음,승용,남,31세,경상
2022022100100122,2022년 2월 21일 10시,월요일,경기도 평택시 청북읍,경상사고,0,0,1,0,차대차 - 기타,안전운전불이행,건조,맑음,단일로 - 기타,특수,남,35세,상해없음,건설기계,기타불명,미분류,기타불명
2022022100100239,2022년 2월 21일 13시,월요일,경기도 시흥시 조남동,경상사고,0,0,1,0,차대차 - 측면충돌,신호위반,건조,맑음,단일로 - 기타,건설기계,남,47세,상해없음,승용,남,25세,경상
2022022300100329,2022년 2월 23일 17시,수요일,경기도 시흥시 조남동,경상사고,0,0,1,0,차대차 - 추돌,안전운전불이행,건조,맑음,단일로 - 기타,승용,여,44세,상해없음,화물,남,40세,경상
2022030100100346,2022년 3월 1일 22시,화요일,경기도 평택시 청북읍,경상사고,0,0,1,4,차대차 - 추돌,안전운전불이행,서리/결빙,맑음,단일로 - 기타,승용,남,28세,부상신고,승용,남,28세,경상
2022030200100325,2022년 3월 2일 16시,수요일,경기도 평택시 포승읍,경상사고,0,0,1,0,차대차 - 후진중충돌,안전운전불이행,건조,맑음,기타 - 기타,승용,남,64세,상해없음,승용,남,42세,경상
2022030400100423,2022년 3월 4일 21시,금요일,경기도 안산시 상록구 팔곡일동,경상사고,0,0,2,0,차대차 - 추돌,안전운전불이행,건조,맑음,단일로 - 기타,승용,남,26세,상해없음,승용,남,57세,경상
2022030600100235,2022년 3월 6일 17시,일요일,충청남도 당진시 송악읍,경상사고,0,0,3,0,차대차 - 추돌,안전운전불이행,건조,맑음,단일로 - 기타,승용,남,63세,기타불명,승용,여,41세,경상
2022030700100331,2022년 3월 7일 18시,월요일,경기도 안산시 상록구 장하동,경상사고,0,0,1,0,차대차 - 추돌,기타,건조,맑음,단일로 - 기타,화물,남,51세,상해없음,승용,남,40세,경상
2022030800100293,2022년 3월 8일 16시,화요일,경기도 안양시 만안구 박달동,중상사고,0,2,0,0,차대차 - 추돌,안전운전불이행,건조,맑음,단일로 - 기타,승용,남,68세,상해없음,승용,여,73세,중상
2022030900100411,2022년 3월 9일 23시,수요일,경기도 시흥시 조남동,경상사고,0,0,1,0,차대차 - 측면충돌,안전거리미확보,건조,맑음,단일로 - 교량,승용,남,33세,상해없음,승용,남,49세,경상
2022031100100337,2022년 3월 11일 17시,금요일,충청남도 서산시 고북면,경상사고,0,0,1,0,차대차 - 기타,신호위반,건조,맑음,단일로 - 기타,승용,남,34세,상해없음,승용,남,30세,경상
2022031200100032,2022년 3월 12일 06시,토요일,경기도 안산시 상록구 일동,경상사고,0,0,1,0,차대차 - 기타,안전운전불이행,건조,맑음,기타 - 기타,승용,여,37세,상해없음,승용,남,50세,상해없음
2022031200100057,2022년 3월 12일 09시,토요일,경기도 평택시 포승읍,경상사고,0,0,4,0,차대차 - 추돌,안전운전불이행,건조,맑음,단일로 - 기타,화물,남,55세,상해없음,승용,남,31세,상해없음
2022031200100280,2022년 3월 12일 17시,토요일,경기도 화성시 향남읍,경상사고,0,0,2,0,차대차 - 기타,안전운전불이행,건조,맑음,단일로 - 기타,기타불명,기타불명,미분류,기타불명,승용,남,57세,경상
2022031300100283,2022년 3월 13일 20시,일요일,경기도 평택시 포승읍,경상사고,0,0,1,0,차대차 - 측면충돌,안전거리미확보,건조,맑음,단일로 - 기타,승용,남,24세,상해없음,승용,남,51세,경상
2022031300100331,2022년 3월 13일 23시,일요일,경기도 시흥시 목감동,경상사고,0,0,1,0,차대차 - 추돌,안전운전불이행,건조,맑음,단일로 - 기타,승용,남,47세,상해없음,승용,남,47세,경상
2022031600100061,2022년 3월 16일 07시,수요일,경기도 안산시 상록구 장하동,중상사고,0,1,1,0,차대차 - 측면충돌,안전거리미확보,건조,맑음,단일로 - 기타,화물,남,68세,상해없음,승용,남,54세,중상
2022031800100214,2022년 3월 18일 16시,금요일,경기도 안산시 상록구 부곡동,중상사고,0,2,1,1,차대차 - 기타,안전운전불이행,건조,맑음,단일로 - 기타,승용,남,64세,부상신고,승용,남,48세,중상
2022032000100026,2022년 3월 20일 06시,일요일,경기도 화성시 향남읍,중상사고,0,1,3,0,차대차 - 기타,안전운전불이행,건조,맑음,단일로 - 기타,승용,남,24세,상해없음,승용,남,48세,경상
2022032500100348,2022년 3월 25일 18시,금요일,경기도 평택시 청북읍,사망사고,1,2,2,0,차대차 - 추돌,안전운전불이행,젖음/습기,비,단일로 - 기타,화물,남,33세,기타불명,화물,남,43세,중상
2022032500100570,2022년 3월 25일 22시,금요일,경기도 광명시 일직동,경상사고,0,0,2,0,차대차 - 추돌,안전운전불이행,건조,맑음,단일로 - 기타,승용,여,37세,상해없음,승용,여,32세,경상
2022032600100213,2022년 3월 26일 14시,토요일,경기도 평택시 청북읍,경상사고,0,0,2,0,차대차 - 추돌,안전운전불이행,건조,맑음,단일로 - 교량,승용,남,66세,상해없음,승용,남,44세,경상
2022032700100135,2022년 3월 27일 13시,일요일,충청남도 당진시 송악읍,경상사고,0,0,3,0,차대차 - 추돌,안전운전불이행,건조,맑음,기타 - 기타,승용,남,40세,상해없음,승용,남,45세,경상
2022032800100339,2022년 3월 28일 17시,월요일,경기도 평택시 청북읍,경상사고,0,0,1,0,차대차 - 기타,기타,건조,맑음,단일로 - 기타,승용,여,27세,경상,승합,남,57세,상해없음
2022032900100182,2022년 3월 29일 12시,화요일,경기도 안양시 만안구 석수동,사망사고,1,0,1,0,차대차 - 기타,안전운전불이행,건조,맑음,단일로 - 기타,승합,남,41세,사망,승용,남,55세,경상
2022033100100135,2022년 3월 31일 11시,목요일,경기도 평택시 청북읍,부상신고사고,0,0,0,1,차대차 - 기타,기타,건조,맑음,단일로 - 기타,화물,남,53세,상해없음,화물,남,37세,부상신고
2022033100100278,2022년 3월 31일 16시,목요일,경기도 화성시 팔탄면,경상사고,0,0,1,0,차대차 - 추돌,안전운전불이행,건조,맑음,단일로 - 기타,승용,남,30세,상해없음,승용,남,55세,경상
2022033100100387,2022년 3월 31일 19시,목요일,경기도 화성시 향남읍,경상사고,0,0,1,0,차대차 - 기타,기타,건조,맑음,기타 - 기타,승용,남,38세,상해없음,화물,남,55세,경상
2022033100100397,2022년 3월 31일 19시,목요일,전라남도 무안군 몽탄면,경상사고,0,0,4,0,차대차 - 추돌,안전운전불이행,건조,맑음,단일로 - 기타,승용,남,19세,상해없음,승용,여,68세,경상
2022040100100036,2022년 4월 1일 06시,금요일,경기도 안산시 상록구 부곡동,중상사고,0,1,0,0,차대차 - 추돌,안전거리미확보,건조,맑음,단일로 - 기타,화물,남,56세,상해없음,화물,남,60세,중상
2022040200100432,2022년 4월 2일 18시,토요일,경기도 안양시 만안구 박달동,경상사고,0,0,1,0,차대차 - 측면충돌,안전거리미확보,건조,맑음,단일로 - 교량,승용,여,27세,상해없음,승용,남,26세,경상
2022040200100453,2022년 4월 2일 19시,토요일,충청남도 당진시 송악읍,경상사고,0,0,1,0,차대차 - 추돌,안전운전불이행,건조,맑음,단일로 - 기타,승용,남,61세,상해없음,승용,여,28세,경상
2022040300100221,2022년 4월 3일 15시,일요일,경기도 안양시 만안구 석수동,중상사고,0,3,1,0,차대차 - 측면충돌,안전거리미확보,건조,맑음,단일로 - 기타,승용,남,37세,상해없음,승용,남,69세,중상
2022040500100098,2022년 4월 5일 08시,화요일,경기도 안양시 만안구 박달동,경상사고,0,0,1,0,차대차 - 측면충돌,안전거리미확보,건조,맑음,단일로 - 교량,승용,여,51세,상해없음,승용,남,28세,경상
2022040700100027,2022년 4월 7일 01시,목요일,충청남도 당진시 사기소동,경상사고,0,0,1,0,차대차 - 추돌,안전운전불이행,건조,맑음,기타 - 기타,승용,남,28세,상해없음,화물,남,41세,경상