사고번호,사고일시,요일,시군구,사고내용,사망자수,중상자수,경상자수,부상신고자수,사고유형,법규위반,노면상태,기상상태,도로형태,가해운전자 차종,가해운전자 성별,가해운전자 연령,가해운전자 상해정도,피해운전자 차종,피해운전자 성별,피해운전자 연령,피해운전자 상해정도
2022090100100259,2022년 9월 1일 12시,목요일,경기도 광주시 도척면,경상사고,0,0,2,0,차대차 - 측면충돌,안전운전불이행,건조,맑음,단일로 - 기타,화물,남,71세,상해없음,승용,남,48세,경상
2022091000100337,2022년 9월 10일 20시,토요일,경기도 이천시 갈산동,경상사고,0,0,2,1,차대차 - 측면충돌,안전운전불이행,건조,맑음,단일로 - 기타,승용,여,29세,상해없음,승용,남,31세,경상
2022091400100241,2022년 9월 14일 12시,수요일,경기도 이천시 신둔면,경상사고,0,0,4,0,차대차 - 측면충돌,안전운전불이행,건조,맑음,단일로 - 기타,화물,남,56세,상해없음,승용,남,70세,경상
2022091500100299,2022년 9월 15일 15시,목요일,경기도 광주시 초월읍,중상사고,0,1,0,0,차대차 - 추돌,안전운전불이행,건조,맑음,단일로 - 기타,화물,남,43세,상해없음,승용,남,56세,중상
2022091900100244,2022년 9월 19일 13시,월요일,경기도 광주시 초월읍,경상사고,0,0,2,0,차대차 - 기타,안전운전불이행,건조,맑음,단일로 - 기타,건설기계,남,54세,기타불명,승용,여,60세,경상
2022092800100596,2022년 9월 28일 22시,수요일,경기도 광주시 남한산성면,중상사고,0,1,0,5,차대차 - 추돌,기타,건조,맑음,단일로 - 기타,승용,남,54세,부상신고,화물,남,44세,중상
2022103100100545,2022년 10월 31일 19시,월요일,경기도 광주시 남한산성면,경상사고,0,0,4,0,차대차 - 기타,신호위반,건조,맑음,단일로 - 기타,승용,남,61세,경상,화물,남,51세,경상
2022110200100592,2022년 11월 2일 21시,수요일,경기도 광주시 남한산성면,경상사고,0,0,3,0,차대차 - 추돌,안전거리미확보,건조,기타,단일로 - 기타,화물,남,51세,경상,화물,남,45세,경상
2022110600100172,2022년 11월 6일 11시,일요일,경기도 광주시 초월읍,경상사고,0,0,1,0,차대차 - 추돌,안전운전불이행,건조,맑음,단일로 - 기타,승용,여,42세,상해없음,승용,남,29세,경상
2022110700100330,2022년 11월 7일 14시,월요일,경기도 광주시 초월읍,경상사고,0,0,1,0,차대차 - 추돌,안전거리미확보,건조,맑음,단일로 - 기타,승용,남,41세,상해없음,승용,남,29세,경상
2022111000100195,2022년 11월 10일 10시,목요일,경기도 이천시 마장면,경상사고,0,0,1,0,차대차 - 기타,안전운전불이행,건조,맑음,단일로 - 기타,화물,남,35세,경상,승용,남,67세,상해없음
2022112900100027,2022년 11월 29일 03시,화요일,경기도 광주시 남한산성면,경상사고,0,0,1,0,차대차 - 기타,안전거리미확보,젖음/습기,비,단일로 - 기타,화물,남,54세,상해없음,화물,남,48세,상해없음
2022121000100234,2022년 12월 10일 12시,토요일,경기도 광주시 초월읍,중상사고,0,1,4,0,차대차 - 기타,안전운전불이행,기타,맑음,단일로 - 기타,승용,남,30세,중상,승용,남,46세,경상
2022122700100085,2022년 12월 27일 07시,화요일,경기도 이천시 마장면,중상사고,0,1,0,0,차대차 - 추돌,안전운전불이행,건조,맑음,단일로 - 기타,화물,남,42세,상해없음,화물,남,67세,중상
2022010600100465,2022년 1월 6일 19시,목요일,경기도 하남시 덕풍동,경상사고,0,0,6,0,차대차 - 추돌,안전운전불이행,건조,맑음,단일로 - 기타,화물,남,61세,상해없음,승합,남,64세,경상
2022010600100466,2022년 1월 6일 19시,목요일,경기도 하남시 천현동,경상사고,0,0,1,1,차대차 - 추돌,안전운전불이행,건조,맑음,단일로 - 기타,승용,남,58세,상해없음,승용,남,44세,경상
2022010700100100,2022년 1월 7일 08시,금요일,경기도 광주시 곤지암읍,중상사고,0,3,1,0,차량단독 - 전도전복 - 전복,안전운전불이행,젖음/습기,맑음,단일로 - 기타,승합,남,40세,상해없음,,,,
2022011300100351,2022년 1월 13일 16시,목요일,경기도 안성시 일죽면,중상사고,0,1,1,0,차대차 - 측면충돌,차로위반,건조,맑음,단일로 - 기타,화물,남,55세,경상,화물,남,70세,중상
2022011300100421,2022년 1월 13일 18시,목요일,충청북도 음성군 삼성면,경상사고,0,0,2,0,차대차 - 측면충돌,안전운전불이행,건조,맑음,기타 - 기타,승용,여,32세,상해없음,승용,남,52세,경상
2022011300100473,2022년 1월 13일 19시,목요일,경기도 하남시 덕풍동,경상사고,0,0,1,0,차대차 - 추돌,안전운전불이행,건조,맑음,단일로 - 기타,승용,여,52세,상해없음,승용,남,43세,경상
2022011400100132,2022년 1월 14일 09시,금요일,경기도 하남시 천현동,경상사고,0,0,1,0,차대차 - 측면충돌,안전운전불이행,건조,맑음,단일로 - 기타,화물,남,39세,상해없음,승용,남,30세,경상
2022011800100353,2022년 1월 18일 15시,화요일,경기도 광주시 남한산성면,경상사고,0,0,3,0,차대차 - 추돌,안전운전불이행,건조,맑음,단일로 - 기타,화물,남,30세,상해없음,화물,남,68세,상해없음
2022011800100653,2022년 1월 18일 23시,화요일,경기도 이천시 호법면,경상사고,0,0,1,0,차대차 - 기타,안전운전불이행,건조,맑음,단일로 - 기타,기타불명,기타불명,미분류,기타불명,화물,남,47세,경상
2022012100100265,2022년 1월 21일 12시,금요일,충청북도 진천군 초평면,사망사고,1,1,4,0,차대차 - 추돌,안전운전불이행,건조,맑음,단일로 - 기타,화물,남,62세,사망,화물,남,66세,경상
2022012300100019,2022년 1월 23일 02시,일요일,경기도 하남시 하산곡동,경상사고,0,0,3,0,차대차 - 추돌,안전운전불이행,건조,맑음,단일로 - 기타,승용,여,24세,상해없음,승용,남,23세,경상
2022012400100176,2022년 1월 24일 10시,월요일,경기도 이천시 마장면,경상사고,0,0,1,0,차대차 - 기타,안전거리미확보,건조,맑음,단일로 - 기타,승용,남,52세,상해없음,화물,남,45세,경상
2022012500100022,2022년 1월 25일 05시,화요일,경기도 하남시 천현동,경상사고,0,0,2,0,차대차 - 기타,기타,젖음/습기,비,단일로 - 기타,특수,남,48세,상해없음,화물,남,57세,경상
2022012800100140,2022년 1월 28일 10시,금요일,경기도 하남시 하산곡동,경상사고,0,0,1,0,차대차 - 추돌,안전운전불이행,건조,맑음,단일로 - 기타,승용,남,26세,상해없음,승용,남,54세,경상
2022013000100234,2022년 1월 30일 17시,일요일,충청북도 음성군 삼성면,중상사고,0,1,0,3,차대차 - 추돌,안전운전불이행,건조,맑음,단일로 - 기타,승용,남,33세,상해없음,승용,남,45세,부상신고
2022020900100532,2022년 2월 9일 23시,수요일,충청북도 청주시 청원구 오창읍,중상사고,0,1,0,0,차대차 - 추돌,안전운전불이행,건조,맑음,단일로 - 기타,승용,남,44세,상해없음,화물,남,64세,중상
2022021100100245,2022년 2월 11일 14시,금요일,경기도 광주시 남한산성면,경상사고,0,0,4,0,차대차 - 측면충돌,안전운전불이행,건조,맑음,단일로 - 기타,화물,남,62세,상해없음,승용,여,35세,경상
2022021400100357,2022년 2월 14일 17시,월요일,경기도 이천시 호법면,중상사고,0,2,2,1,차대차 - 추돌,안전운전불이행,젖음/습기,비,단일로 - 기타,승용,남,61세,경상,화물,남,58세,중상
2022021700100300,2022년 2월 17일 16시,목요일,경기도 하남시 하산곡동,경상사고,0,0,1,0,차대차 - 기타,안전운전불이행,건조,맑음,단일로 - 기타,화물,남,40세,상해없음,승용,남,34세,경상
2022021800100048,2022년 2월 18일 06시,금요일,경기도 하남시 하산곡동,경상사고,0,0,1,0,차대차 - 기타,안전운전불이행,건조,맑음,단일로 - 기타,승용,남,24세,상해없음,화물,남,51세,경상
2022021800100091,2022년 2월 18일 08시,금요일,경기도 하남시 하산곡동,중상사고,0,1,0,0,차대차 - 측면충돌,안전운전불이행,건조,맑음,단일로 - 기타,승용,여,47세,상해없음,화물,남,65세,중상
2022021800100165,2022년 2월 18일 11시,금요일,경기도 안성시 일죽면,경상사고,0,0,2,0,차대차 - 추돌,안전운전불이행,건조,맑음,단일로 - 기타,승용,여,35세,상해없음,승용,남,47세,경상
2022021800100431,2022년 2월 18일 19시,금요일,경기도 하남시 상산곡동,중상사고,0,2,6,4,차대차 - 측면충돌,안전거리미확보,건조,맑음,단일로 - 기타,화물,남,53세,상해없음,승합,남,65세,경상
2022021900100278,2022년 2월 19일 17시,토요일,충청북도 음성군 삼성면,경상사고,0,0,1,0,차대차 - 추돌,안전운전불이행,건조,맑음,단일로 - 기타,화물,남,66세,상해없음,승용,남,30세,경상
2022022000100069,2022년 2월 20일 10시,일요일,경기도 하남시 천현동,중상사고,0,3,0,0,차대차 - 정면충돌,중앙선침범,건조,맑음,단일로 - 기타,승용,남,35세,상해없음,승용,남,52세,중상
2022022100100071,2022년 2월 21일 08시,월요일,충청북도 진천군 초평면,중상사고,0,1,0,0,차대차 - 정면충돌,안전운전불이행,젖음/습기,비,단일로 - 기타,화물,남,61세,상해없음,화물,남,54세,중상
2022022100100276,2022년 2월 21일 14시,월요일,경기도 하남시 하산곡동,경상사고,0,0,3,0,차대차 - 측면충돌,안전거리미확보,건조,맑음,단일로 - 기타,기타불명,기타불명,미분류,기타불명,승용,여,56세,경상
2022022100100317,2022년 2월 21일 15시,월요일,경기도 광주시 남한산성면,부상신고사고,0,0,0,2,차대차 - 기타,기타,건조,맑음,단일로 - 기타,화물,남,60세,상해없음,승용,남,38세,부상신고
2022022300100071,2022년 2월 23일 09시,수요일,경기도 안성시 일죽면,사망사고,1,4,0,0,차대차 - 추돌,안전운전불이행,건조,맑음,단일로 - 기타,화물,남,43세,사망,화물,남,55세,중상
2022022400100316,2022년 2월 24일 16시,목요일,충청북도 진천군 진천읍,경상사고,0,0,1,0,차대차 - 추돌,안전운전불이행,건조,맑음,단일로 - 기타,승용,남,60세,상해없음,화물,남,41세,경상
2022022500100013,2022년 2월 25일 03시,금요일,경기도 이천시 모가면,경상사고,0,0,1,0,차대차 - 기타,안전운전불이행,건조,맑음,단일로 - 기타,승용,남,25세,상해없음,화물,남,62세,경상
2022022500100503,2022년 2월 25일 20시,금요일,경기도 하남시 천현동,경상사고,0,0,4,0,차대차 - 추돌,안전운전불이행,건조,맑음,단일로 - 기타,특수,남,43세,상해없음,승용,남,60세,경상
2022022600100161,2022년 2월 26일 12시,토요일,충청북도 진천군 초평면,경상사고,0,0,1,0,차대차 - 추돌,안전운전불이행,건조,맑음,단일로 - 기타,승용,남,47세,상해없음,승용,여,51세,경상
2022022700100138,2022년 2월 27일 13시,일요일,충청북도 진천군 초평면,경상사고,0,0,4,0,차대차 - 추돌,안전운전불이행,건조,맑음,단일로 - 기타,승용,여,56세,상해없음,승용,남,39세,경상
2022022700100358,2022년 2월 27일 22시,일요일,충청북도 음성군 삼성면,경상사고,0,0,1,0,차대차 - 추돌,안전운전불이행,건조,맑음,단일로 - 기타,화물,남,44세,상해없음,승용,남,68세,경상
2022022800100040,2022년 2월 28일 06시,월요일,경기도 하남시 천현동,경상사고,0,0,3,0,차대차 - 기타,안전거리미확보,건조,맑음,단일로 - 기타,승용,여,33세,경상,승용,여,49세,경상
2022022800100321,2022년 2월 28일 16시,월요일,경기도 이천시 모가면,경상사고,0,0,2,0,차대차 - 추돌,안전운전불이행,건조,맑음,단일로 - 기타,승용,남,24세,상해없음,승용,남,36세,경상
2022032500100246,2022년 3월 25일 14시,금요일,경기도 광주시 남한산성면,경상사고,0,0,2,0,차대차 - 추돌,안전거리미확보,건조,맑음,단일로 - 기타,승용,남,63세,상해없음,승용,여,60세,경상
2022033000100200,2022년 3월 30일 13시,수요일,충청북도 청주시 흥덕구 지동동,경상사고,0,0,1,0,차대차 - 측면충돌,안전운전불이행,건조,맑음,단일로 - 기타,승용,남,69세,상해없음,승용,남,48세,경상
2022040400100044,2022년 4월 4일 06시,월요일,충청북도 청주시 흥덕구 비하동,경상사고,0,0,1,0,차대차 - 추돌,안전운전불이행,건조,맑음,단일로 - 지하차도(도로)내,승용,남,69세,상해없음,화물,남,44세,경상
2022040600100461,2022년 4월 6일 19시,수요일,경기도 광주시 남한산성면,경상사고,0,0,2,0,차대차 - 기타,안전운전불이행,건조,맑음,단일로 - 기타,승용,남,64세,상해없음,승용,남,49세,경상
2022041200100441,2022년 4월 12일 18시,화요일,경기도 하남시 하산곡동,경상사고,0,0,1,2,차대차 - 측면충돌,안전운전불이행,건조,맑음,단일로 - 기타,승용,남,37세,상해없음,승용,여,29세,경상
2022041600100289,2022년 4월 16일 13시,토요일,경기도 하남시 천현동,경상사고,0,0,2,0,차대차 - 기타,안전거리미확보,건조,맑음,단일로 - 기타,승합,여,63세,상해없음,화물,남,72세,경상
2022041700100370,2022년 4월 17일 18시,일요일,충청북도 청주시 흥덕구 석곡동,경상사고,0,0,1,0,차대차 - 측면충돌,차로위반,건조,맑음,단일로 - 지하차도(도로)내,승용,여,46세,상해없음,승용,남,62세,경상
2022041800100382,2022년 4월 18일 16시,월요일,경기도 광주시 초월읍,경상사고,0,0,2,0,차대차 - 기타,안전운전불이행,건조,맑음,단일로 - 기타,화물,남,25세,상해없음,화물,남,71세,상해없음
2022042700100577,2022년 4월 27일 22시,수요일,충청북도 청주시 흥덕구 외북동,사망사고,1,0,1,0,차대차 - 추돌,안전운전불이행,건조,맑음,단일로 - 기타,승용,남,39세,사망,화물,남,62세,경상
2022050100100083,2022년 5월 1일 08시,일요일,경기도 하남시 하산곡동,경상사고,0,0,4,0,차대차 - 기타,안전운전불이행,건조,맑음,단일로 - 기타,승용,여,43세,상해없음,승용,남,28세,상해없음
2022050100100277,2022년 5월 1일 15시,일요일,경기도 하남시 하산곡동,경상사고,0,0,1,0,차대차 - 측면충돌,안전운전불이행,건조,맑음,단일로 - 기타,기타불명,기타불명,미분류,기타불명,승용,남,74세,상해없음
2022050400100047,2022년 5월 4일 04시,수요일,충청북도 음성군 삼성면,중상사고,0,1,1,0,차대차 - 추돌,안전운전불이행,건조,맑음,단일로 - 기타,화물,남,54세,중상,화물,남,68세,경상
2022050400100313,2022년 5월 4일 12시,수요일,경기도 하남시 천현동,경상사고,0,0,2,0,차대차 - 기타,안전운전불이행,건조,맑음,단일로 - 기타,화물,남,33세,상해없음,승용,남,34세,경상
2022051700100563,2022년 5월 17일 21시,화요일,충청북도 청주시 흥덕구 내곡동,경상사고,0,0,1,0,차대차 - 측면충돌,안전운전불이행,건조,맑음,단일로 - 기타,화물,남,54세,상해없음,특수,남,35세,경상
2022052100100191,2022년 5월 21일 11시,토요일,경기도 안성시 일죽면,경상사고,0,0,2,0,차대차 - 기타,안전거리미확보,건조,맑음,단일로 - 기타,승용,남,55세,상해없음,승용,여,23세,경상
2022052200100250,2022년 5월 22일 14시,일요일,경기도 이천시 호법면,중상사고,0,2,3,0,차대차 - 기타,안전거리미확보,건조,맑음,단일로 - 기타,승용,여,41세,상해없음,승용,여,40세,중상
2022052200100251,2022년 5월 22일 14시,일요일,경기도 하남시 하산곡동,중상사고,0,1,1,0,차대차 - 추돌,안전운전불이행,건조,맑음,단일로 - 기타,승용,남,29세,중상,화물,남,48세,경상
2022052200100264,2022년 5월 22일 15시,일요일,경기도 이천시 모가면,경상사고,0,0,1,0,차대차 - 추돌,안전운전불이행,건조,맑음,단일로 - 기타,승용,남,57세,상해없음,승용,남,22세,경상
2022052500100264,2022년 5월 25일 12시,수요일,경기도 광주시 남한산성면,중상사고,0,1,0,0,차대차 - 기타,기타,건조,맑음,단일로 - 기타,화물,남,64세,상해없음,승용,남,52세,중상
2022052800100488,2022년 5월 28일 18시,토요일,경기도 광주시 남한산성면,부상신고사고,0,0,0,1,차대차 - 기타,안전거리미확보,건조,맑음,단일로 - 기타,승합,남,27세,상해없음,승용,남,41세,상해없음
2022060400100474,2022년 6월 4일 18시,토요일,경기도 하남시 하산곡동,중상사고,0,1,3,0,차대차 - 추돌,안전운전불이행,건조,맑음,단일로 - 기타,승용,남,63세,상해없음,승용,여,49세,중상
2022061800100162,2022년 6월 18일 10시,토요일,충청북도 진천군 문백면,경상사고,0,0,1,0,차대차 - 추돌,안전운전불이행,건조,맑음,단일로 - 기타,승합,여,62세,상해없음,승용,여,27세,경상
2022061900100146,2022년 6월 19일 11시,일요일,경기도 하남시 하산곡동,경상사고,0,0,1,0,차대차 - 기타,안전거리미확보,건조,맑음,단일로 - 기타,승용,남,67세,상해없음,승용,여,53세,경상
2022062400100508,2022년 6월 24일 18시,금요일,경기도 광주시 도척면,중상사고,0,1,2,0,차대차 - 추돌,안전운전불이행,건조,맑음,단일로 - 기타,화물,남,49세,상해없음,승용,남,38세,중상
2022070100100129,2022년 7월 1일 08시,금요일,경기도 하남시 천현동,경상사고,0,0,1,0,차대차 - 측면충돌,안전운전불이행,건조,맑음,단일로 - 기타,승용,여,52세,상해없음,승용,여,42세,경상
2022070200100398,2022년 7월 2일 16시,토요일,경기도 하남시 하산곡동,경상사고,0,0,3,0,차대차 - 측면충돌,안전거리미확보,건조,맑음,단일로 - 기타,승용,여,64세,상해없음,승합,남,61세,경상
2022070200100495,2022년 7월 2일 19시,토요일,충청북도 음성군 삼성면,사망사고,1,4,0,0,차량단독 - 전도전복 - 전복,안전운전불이행,건조,맑음,단일로 - 기타,화물,남,62세,중상,,,,
2022070600100313,2022년 7월 6일 15시,수요일,경기도 안성시 일죽면,경상사고,0,0,1,0,차대차 - 추돌,안전운전불이행,건조,맑음,단일로 - 기타,승용,남,39세,상해없음,승용,남,60세,경상
2022071000100145,2022년 7월 10일 11시,일요일,경기도 이천시 호법면,경상사고,0,0,3,0,차대차 - 기타,안전운전불이행,건조,맑음,단일로 - 기타,화물,남,56세,상해없음,승용,남,46세,경상
2022071500100305,2022년 7월 15일 14시,금요일,경기도 하남시 상산곡동,경상사고,0,0,1,0,차대차 - 측면충돌,안전거리미확보,건조,맑음,단일로 - 기타,화물,남,52세,상해없음,승용,여,51세,경상
2022071700100266,2022년 7월 17일 16시,일요일,충청북도 진천군 초평면,경상사고,0,0,2,0,차대차 - 추돌,안전운전불이행,건조,맑음,단일로 - 기타,승용,남,27세,상해없음,승용,남,49세,경상
2022072000100569,2022년 7월 20일 21시,수요일,경기도 광주시 초월읍,경상사고,0,0,1,0,차대차 - 측면충돌,안전운전불이행,건조,맑음,단일로 - 기타,승용,남,46세,경상,화물,남,45세,상해없음
2022072100100175,2022년 7월 21일 10시,목요일,경기도 이천시 호법면,경상사고,0,0,1,0,차대차 - 추돌,안전거리미확보,젖음/습기,비,단일로 - 기타,승용,남,66세,상해없음,승용,남,56세,경상
2022072100100366,2022년 7월 21일 16시,목요일,경기도 광주시 남한산성면,경상사고,0,0,2,0,차대차 - 측면충돌,안전거리미확보,건조,맑음,단일로 - 기타,화물,남,63세,상해없음,승용,남,58세,경상
2022072300100329,2022년 7월 23일 16시,토요일,충청북도 청주시 흥덕구 신성동,경상사고,0,0,1,0,차대차 - 측면충돌,신호위반,건조,맑음,기타 - 기타,승용,남,26세,상해없음,승용,남,29세,경상
2022072900100318,2022년 7월 29일 14시,금요일,충청북도 청주시 청원구 오창읍,중상사고,0,2,1,0,차대차 - 추돌,안전운전불이행,건조,맑음,단일로 - 기타,화물,남,56세,상해없음,승용,남,25세,중상
2022073100100146,2022년 7월 31일 12시,일요일,충청북도 청주시 흥덕구 비하동,중상사고,0,1,0,0,차대차 - 추돌,안전운전불이행,젖음/습기,비,단일로 - 지하차도(도로)내,승용,남,51세,상해없음,화물,남,56세,중상
2022080300100075,2022년 8월 3일 06시,수요일,경기도 하남시 천현동,사망사고,1,0,0,0,차량단독 - 전도전복 - 전복,안전운전불이행,젖음/습기,비,단일로 - 기타,승용,남,63세,사망,,,,
2022080400100266,2022년 8월 4일 14시,목요일,경기도 이천시 모가면,경상사고,0,0,4,0,차대차 - 측면충돌,안전거리미확보,건조,맑음,단일로 - 기타,화물,남,59세,상해없음,승용,여,39세,경상
2022080800100507,2022년 8월 8일 21시,월요일,경기도 하남시 춘궁동,경상사고,0,0,2,0,차대차 - 측면충돌,안전거리미확보,젖음/습기,비,단일로 - 기타,화물,남,38세,상해없음,승용,여,62세,경상
2022080900100153,2022년 8월 9일 10시,화요일,경기도 하남시 천현동,경상사고,0,0,1,0,차대차 - 추돌,안전운전불이행,젖음/습기,비,주차장 - 주차장,승용,남,22세,상해없음,승용,여,33세,경상
2022081500100010,2022년 8월 15일 01시,월요일,충청북도 청주시 흥덕구 강서동,경상사고,0,0,2,0,차대차 - 추돌,안전운전불이행,건조,맑음,단일로 - 기타,승용,남,66세,상해없음,승용,남,41세,경상
2022081500100210,2022년 8월 15일 13시,월요일,경기도 이천시 신둔면,중상사고,0,1,0,0,차대차 - 기타,안전운전불이행,건조,맑음,단일로 - 기타,화물,남,55세,상해없음,승합,남,59세,상해없음
2022081500100226,2022년 8월 15일 14시,월요일,충청북도 진천군 초평면,경상사고,0,0,4,0,차대차 - 추돌,안전운전불이행,건조,맑음,단일로 - 기타,승합,기타불명,미분류,기타불명,승용,여,47세,경상
2022081700100286,2022년 8월 17일 13시,수요일,경기도 광주시 남한산성면,경상사고,0,0,1,0,차대차 - 기타,신호위반,건조,맑음,단일로 - 기타,화물,남,53세,상해없음,승용,남,23세,경상
2022081800100283,2022년 8월 18일 13시,목요일,경기도 이천시 호법면,경상사고,0,0,1,0,차대차 - 추돌,안전운전불이행,건조,맑음,단일로 - 기타,화물,남,56세,상해없음,승용,여,38세,경상
2022082400100255,2022년 8월 24일 12시,수요일,충청북도 청주시 청원구 오창읍,경상사고,0,0,1,0,차대차 - 후진중충돌,안전운전불이행,건조,맑음,주차장 - 주차장,승합,남,65세,상해없음,승용,남,39세,경상
2022082500100578,2022년 8월 25일 23시,목요일,경기도 이천시 호법면,경상사고,0,0,1,0,차대차 - 기타,기타,건조,기타,단일로 - 기타,특수,남,41세,상해없음,승용,남,28세,경상
2022082600100455,2022년 8월 26일 17시,금요일,경기도 광주시 곤지암읍,경상사고,0,0,1,0,차대차 - 측면충돌,안전거리미확보,건조,맑음,단일로 - 기타,승합,남,23세,상해없음,화물,남,57세,경상
2022082700100165,2022년 8월 27일 10시,토요일,충청북도 진천군 문백면,경상사고,0,0,4,0,차대차 - 추돌,안전운전불이행,건조,맑음,단일로 - 기타,승용,남,23세,상해없음,승용,남,53세,경상
2022082700100426,2022년 8월 27일 16시,토요일,충청북도 청주시 청원구 오창읍,경상사고,0,0,1,0,차대차 - 측면충돌,안전운전불이행,건조,맑음,단일로 - 기타,승용,남,52세,상해없음,승용,남,32세,경상
2022082900100071,2022년 8월 29일 07시,월요일,충청북도 청주시 청원구 오창읍,경상사고,0,0,1,0,차대차 - 추돌,안전운전불이행,건조,맑음,단일로 - 기타,승합,남,50세,상해없음,승용,남,56세,경상
2022090300100416,2022년 9월 3일 16시,토요일,충청북도 진천군 초평면,경상사고,0,0,2,0,차대차 - 추돌,안전운전불이행,건조,맑음,단일로 - 기타,화물,남,59세,상해없음,화물,남,44세,경상
2022090800100102,2022년 9월 8일 08시,목요일,충청북도 음성군 삼성면,경상사고,0,0,3,0,차대차 - 기타,기타,건조,맑음,단일로 - 기타,화물,남,66세,상해없음,승용,남,29세,경상
2022090800100412,2022년 9월 8일 15시,목요일,경기도 안성시 일죽면,경상사고,0,0,4,0,차대차 - 기타,안전운전불이행,건조,맑음,기타 - 기타,승용,남,77세,상해없음,승합,남,54세,상해없음
2022091100100187,2022년 9월 11일 14시,일요일,경기도 광주시 초월읍,중상사고,0,1,3,0,차대차 - 추돌,안전운전불이행,기타,맑음,단일로 - 기타,승용,여,53세,경상,승용,남,42세,중상
2022091600100378,2022년 9월 16일 16시,금요일,충청북도 진천군 초평면,경상사고,0,0,6,0,차대차 - 추돌,안전운전불이행,건조,맑음,단일로 - 기타,승용,남,27세,상해없음,승용,여,60세,경상
2022091700100338,2022년 9월 17일 14시,토요일,경기도 이천시 마장면,경상사고,0,0,4,1,차대차 - 측면충돌,안전운전불이행,건조,맑음,단일로 - 기타,승용,여,28세,상해없음,승용,여,45세,경상
2022091800100364,2022년 9월 18일 19시,일요일,경기도 하남시 하산곡동,경상사고,0,0,2,0,차대차 - 측면충돌,안전거리미확보,건조,기타,단일로 - 기타,기타불명,기타불명,미분류,기타불명,승용,여,59세,상해없음
2022092200100051,2022년 9월 22일 06시,목요일,경기도 안성시 일죽면,경상사고,0,0,1,0,차대차 - 추돌,안전거리미확보,건조,맑음,기타 - 기타,승용,여,50세,상해없음,화물,남,56세,경상
2022100100100129,2022년 10월 1일 08시,토요일,충청북도 진천군 초평면,중상사고,0,1,6,0,차대차 - 추돌,안전운전불이행,건조,맑음,단일로 - 기타,승용,여,45세,경상,승용,여,31세,경상
2022100200100470,2022년 10월 2일 23시,일요일,경기도 광주시 남한산성면,경상사고,0,0,1,0,차량단독 - 공작물충돌,안전운전불이행,젖음/습기,비,단일로 - 기타,승용,남,42세,상해없음,,,,
2022100500100099,2022년 10월 5일 08시,수요일,충청북도 청주시 청원구 오창읍,중상사고,0,1,1,0,차대차 - 추돌,안전운전불이행,건조,맑음,단일로 - 지하차도(도로)내,건설기계,남,52세,경상,화물,남,57세,중상
2022100500100309,2022년 10월 5일 14시,수요일,경기도 하남시 덕풍동,경상사고,0,0,1,0,차대차 - 기타,안전운전불이행,건조,맑음,단일로 - 기타,화물,남,61세,상해없음,승용,여,53세,경상
2022100500100566,2022년 10월 5일 21시,수요일,충청북도 청주시 청원구 오창읍,경상사고,0,0,1,0,차대차 - 추돌,안전운전불이행,건조,맑음,단일로 - 기타,화물,남,40세,상해없음,승용,남,26세,경상
2022100600100256,2022년 10월 6일 13시,목요일,경기도 이천시 모가면,경상사고,0,0,2,1,차대차 - 추돌,안전거리미확보,건조,맑음,기타 - 기타,승용,남,70세,경상,승용,남,39세,부상신고
2022100700100598,2022년 10월 7일 19시,금요일,경기도 광주시 초월읍,중상사고,0,1,4,0,차대차 - 추돌,안전거리미확보,건조,맑음,단일로 - 기타,화물,남,54세,상해없음,승용,남,24세,중상
2022100800100162,2022년 10월 8일 10시,토요일,경기도 안성시 일죽면,경상사고,0,0,1,4,차대차 - 기타,안전운전불이행,건조,맑음,단일로 - 기타,승용,기타불명,미분류,기타불명,승용,남,62세,경상
2022100900100165,2022년 10월 9일 12시,일요일,충청북도 음성군 대소면,경상사고,0,0,2,0,차대차 - 기타,기타,젖음/습기,비,단일로 - 기타,승용,남,31세,상해없음,승용,남,36세,경상
2022100900100465,2022년 10월 9일 20시,일요일,경기도 광주시 곤지암읍,경상사고,0,0,1,0,차대차 - 추돌,안전운전불이행,건조,맑음,단일로 - 기타,승용,여,49세,상해없음,승용,남,42세,상해없음
2022101400100042,2022년 10월 14일 05시,금요일,경기도 광주시 초월읍,부상신고사고,0,0,0,1,차대차 - 기타,안전운전불이행,건조,맑음,단일로 - 기타,기타불명,기타불명,미분류,기타불명,승용,남,56세,부상신고
2022102200100279,2022년 10월 22일 13시,토요일,경기도 이천시 모가면,경상사고,0,0,5,0,차대차 - 추돌,안전운전불이행,건조,맑음,단일로 - 기타,승용,남,45세,상해없음,승용,남,39세,경상
2022102700100182,2022년 10월 27일 09시,목요일,경기도 광주시 곤지암읍,경상사고,0,0,1,0,차대차 - 측면충돌,안전운전불이행,건조,맑음,단일로 - 기타,승용,여,22세,상해없음,승용,남,39세,경상
2022102900100216,2022년 10월 29일 11시,토요일,경기도 광주시 초월읍,경상사고,0,0,4,0,차대차 - 추돌,안전운전불이행,건조,맑음,단일로 - 고가도로위,승용,남,63세,상해없음,승용,여,61세,경상