사고번호,사고일시,요일,시군구,사고내용,사망자수,중상자수,경상자수,부상신고자수,사고유형,법규위반,노면상태,기상상태,도로형태,가해운전자 차종,가해운전자 성별,가해운전자 연령,가해운전자 상해정도,피해운전자 차종,피해운전자 성별,피해운전자 연령,피해운전자 상해정도
2022103100100178,2022년 10월 31일 10시,월요일,경기도 광주시 곤지암읍,경상사고,0,0,1,0,차대차 - 기타,안전운전불이행,건조,맑음,단일로 - 기타,화물,남,53세,상해없음,승용,여,43세,경상
2022103100100401,2022년 10월 31일 16시,월요일,경기도 하남시 천현동,중상사고,0,1,1,0,차대차 - 기타,안전운전불이행,건조,맑음,단일로 - 기타,승합,남,56세,상해없음,승용,남,36세,중상
2022110300100240,2022년 11월 3일 12시,목요일,경기도 하남시 천현동,중상사고,0,1,2,0,차대차 - 기타,안전운전불이행,건조,맑음,단일로 - 기타,화물,남,62세,상해없음,승용,여,36세,경상
2022110500100219,2022년 11월 5일 12시,토요일,충청북도 청주시 흥덕구 강서동,경상사고,0,0,2,0,차대차 - 추돌,안전운전불이행,건조,맑음,단일로 - 기타,승용,남,76세,상해없음,승용,여,29세,경상
2022110500100567,2022년 11월 5일 19시,토요일,경기도 광주시 초월읍,경상사고,0,0,3,0,차대차 - 추돌,안전운전불이행,건조,맑음,단일로 - 기타,승용,남,60세,상해없음,승용,남,27세,경상
2022110600100259,2022년 11월 6일 14시,일요일,경기도 이천시 모가면,경상사고,0,0,1,0,차대차 - 기타,안전운전불이행,건조,맑음,단일로 - 기타,승용,여,48세,상해없음,승용,남,20세,경상
2022110700100471,2022년 11월 7일 17시,월요일,경기도 광주시 초월읍,경상사고,0,0,1,0,차대차 - 추돌,안전운전불이행,건조,맑음,단일로 - 기타,승용,남,67세,상해없음,승용,남,50세,경상
2022110900100114,2022년 11월 9일 08시,수요일,경기도 이천시 마장면,경상사고,0,0,3,0,차대차 - 기타,기타,건조,맑음,단일로 - 기타,승용,여,48세,경상,화물,남,39세,경상
2022110900100329,2022년 11월 9일 15시,수요일,경기도 광주시 곤지암읍,경상사고,0,0,1,0,차대차 - 기타,안전운전불이행,건조,맑음,단일로 - 기타,승용,여,58세,경상,화물,남,64세,상해없음
2022110900100641,2022년 11월 9일 23시,수요일,경기도 하남시 천현동,중상사고,0,2,0,0,차량단독 - 공작물충돌,안전운전불이행,건조,맑음,기타 - 기타,승용,남,24세,상해없음,,,,
2022111200100692,2022년 11월 12일 23시,토요일,충청북도 청주시 흥덕구 신성동,경상사고,0,0,2,0,차대차 - 추돌,안전운전불이행,젖음/습기,비,기타 - 기타,승용,남,28세,상해없음,승용,여,35세,경상
2022111600100511,2022년 11월 16일 17시,수요일,서울특별시 강동구 상일동,경상사고,0,0,1,0,차대차 - 기타,안전운전불이행,건조,맑음,단일로 - 기타,승합,남,55세,상해없음,승용,남,47세,경상
2022111800100244,2022년 11월 18일 12시,금요일,경기도 이천시 신둔면,경상사고,0,0,3,0,차대차 - 기타,기타,건조,맑음,단일로 - 기타,기타불명,기타불명,미분류,기타불명,승용,남,29세,경상
2022111800100245,2022년 11월 18일 12시,금요일,경기도 광주시 남한산성면,경상사고,0,0,3,0,차대차 - 추돌,안전운전불이행,건조,맑음,단일로 - 기타,승용,남,35세,상해없음,승용,여,48세,경상
2022111900100392,2022년 11월 19일 17시,토요일,충청북도 청주시 흥덕구 강서동,경상사고,0,0,1,0,차대차 - 추돌,안전운전불이행,건조,맑음,단일로 - 기타,승용,남,20세,상해없음,승용,남,40세,경상
2022112100100303,2022년 11월 21일 15시,월요일,경기도 안성시 일죽면,경상사고,0,0,1,0,차대차 - 기타,안전운전불이행,건조,맑음,기타 - 기타,화물,남,63세,상해없음,승용,남,28세,경상
2022112400100583,2022년 11월 24일 21시,목요일,충청북도 청주시 청원구 오창읍,경상사고,0,0,2,0,차대차 - 추돌,안전운전불이행,건조,맑음,단일로 - 기타,화물,남,68세,경상,화물,남,43세,경상
2022112500100352,2022년 11월 25일 16시,금요일,충청북도 청주시 청원구 오창읍,중상사고,0,2,3,0,차대차 - 추돌,안전운전불이행,건조,맑음,단일로 - 기타,화물,남,53세,상해없음,승용,남,49세,경상
2022112700100090,2022년 11월 27일 10시,일요일,충청북도 음성군 대소면,경상사고,0,0,1,0,차대사람 - 기타,안전운전불이행,건조,맑음,단일로 - 기타,승용,남,56세,상해없음,보행자,여,62세,경상
2022112700100139,2022년 11월 27일 12시,일요일,충청북도 음성군 삼성면,경상사고,0,0,1,0,차대차 - 측면충돌,안전운전불이행,건조,맑음,주차장 - 주차장,승용,남,81세,상해없음,승용,남,55세,기타불명
2022120300100035,2022년 12월 3일 03시,토요일,경기도 광주시 남한산성면,중상사고,0,1,0,0,차량단독 - 공작물충돌,안전운전불이행,젖음/습기,눈,단일로 - 기타,승용,남,22세,중상,,,,
2022120600100059,2022년 12월 6일 07시,화요일,경기도 이천시 호법면,경상사고,0,0,2,0,차대차 - 측면충돌,안전거리미확보,젖음/습기,흐림,단일로 - 기타,승용,남,62세,경상,승용,남,56세,경상
2022120600100526,2022년 12월 6일 18시,화요일,경기도 하남시 천현동,경상사고,0,0,1,0,차대차 - 기타,안전거리미확보,건조,맑음,단일로 - 기타,승용,남,50세,상해없음,승용,남,73세,상해없음
2022120600100561,2022년 12월 6일 19시,화요일,경기도 하남시 상산곡동,경상사고,0,0,1,0,차대차 - 기타,신호위반,건조,맑음,단일로 - 기타,화물,남,65세,상해없음,승용,남,51세,경상
2022120700100025,2022년 12월 7일 04시,수요일,경기도 광주시 남한산성면,경상사고,0,0,1,0,차대차 - 추돌,안전운전불이행,건조,맑음,단일로 - 기타,화물,남,66세,상해없음,화물,남,79세,경상
2022120900100249,2022년 12월 9일 13시,금요일,경기도 하남시 하산곡동,중상사고,0,2,2,0,차대차 - 추돌,안전운전불이행,건조,맑음,단일로 - 기타,화물,남,45세,상해없음,승용,남,60세,중상
2022120900100473,2022년 12월 9일 18시,금요일,경기도 하남시 천현동,경상사고,0,0,1,0,차대차 - 기타,안전운전불이행,건조,맑음,단일로 - 기타,승용,여,21세,상해없음,승용,여,34세,경상
2022121100100177,2022년 12월 11일 13시,일요일,경기도 안성시 일죽면,부상신고사고,0,0,0,1,차대차 - 기타,안전거리미확보,건조,맑음,단일로 - 기타,승용,남,25세,상해없음,승용,남,35세,부상신고
2022121200100013,2022년 12월 12일 01시,월요일,충청북도 진천군 이월면,경상사고,0,0,1,0,차대차 - 추돌,안전운전불이행,건조,맑음,단일로 - 기타,승용,남,44세,상해없음,화물,남,67세,경상
2022121200100464,2022년 12월 12일 18시,월요일,경기도 하남시 천현동,경상사고,0,0,1,0,차대차 - 측면충돌,안전운전불이행,건조,맑음,단일로 - 기타,화물,남,55세,상해없음,승용,여,59세,경상
2022121300100062,2022년 12월 13일 06시,화요일,경기도 광주시 초월읍,중상사고,0,2,2,0,차대차 - 기타,안전운전불이행,서리/결빙,흐림,단일로 - 기타,승용,남,65세,중상,승용,남,47세,상해없음
2022121600100100,2022년 12월 16일 08시,금요일,충청북도 청주시 흥덕구 신성동,경상사고,0,0,1,0,차대차 - 측면충돌,안전거리미확보,건조,맑음,단일로 - 기타,승용,여,34세,상해없음,특수,남,40세,경상
2022121600100443,2022년 12월 16일 18시,금요일,충청북도 진천군 문백면,중상사고,0,1,6,0,차대차 - 추돌,안전운전불이행,건조,맑음,단일로 - 기타,승용,남,32세,상해없음,승용,남,61세,경상
2022121700100326,2022년 12월 17일 15시,토요일,충청북도 청주시 청원구 오창읍,경상사고,0,0,1,0,차대차 - 측면충돌,안전운전불이행,건조,맑음,단일로 - 기타,승용,여,40세,상해없음,승용,남,29세,경상
2022121900100215,2022년 12월 19일 11시,월요일,경기도 광주시 남한산성면,경상사고,0,0,1,1,차대차 - 추돌,안전운전불이행,건조,맑음,단일로 - 기타,화물,남,42세,상해없음,화물,남,57세,경상
2022122300100194,2022년 12월 23일 12시,금요일,경기도 이천시 모가면,경상사고,0,0,1,0,차대차 - 기타,안전거리미확보,건조,맑음,단일로 - 기타,승용,남,33세,상해없음,승용,남,58세,상해없음
2022122400100061,2022년 12월 24일 06시,토요일,경기도 광주시 도척면,경상사고,0,0,3,0,차대차 - 기타,안전운전불이행,건조,맑음,단일로 - 기타,화물,남,43세,상해없음,화물,남,64세,경상
2022122400100410,2022년 12월 24일 17시,토요일,경기도 하남시 천현동,경상사고,0,0,2,0,차대차 - 추돌,안전거리미확보,건조,맑음,단일로 - 기타,승용,남,61세,상해없음,승용,남,37세,경상
2022122600100383,2022년 12월 26일 17시,월요일,경기도 하남시 하산곡동,경상사고,0,0,3,0,차대차 - 기타,신호위반,건조,맑음,단일로 - 기타,승합,남,53세,경상,화물,남,51세,경상
2022122800100142,2022년 12월 28일 10시,수요일,경기도 이천시 호법면,경상사고,0,0,2,0,차대차 - 추돌,안전운전불이행,건조,맑음,기타 - 기타,화물,남,49세,상해없음,승용,여,47세,경상
2022122900100349,2022년 12월 29일 16시,목요일,충청북도 진천군 진천읍,경상사고,0,0,1,0,차대차 - 추돌,안전운전불이행,서리/결빙,맑음,기타 - 기타,승용,남,56세,상해없음,승용,여,33세,경상
2022123000100414,2022년 12월 30일 16시,금요일,경기도 하남시 하산곡동,경상사고,0,0,3,0,차대차 - 측면충돌,안전운전불이행,건조,맑음,단일로 - 기타,승용,남,46세,경상,화물,남,70세,상해없음
2022010100100387,2022년 1월 1일 22시,토요일,충청북도 충주시 앙성면,중상사고,0,2,2,0,차대차 - 추돌,안전운전불이행,건조,맑음,단일로 - 기타,승합,여,23세,상해없음,승용,남,41세,중상
2022010300100021,2022년 1월 3일 05시,월요일,경기도 여주시 가남읍,경상사고,0,0,3,0,차대차 - 기타,안전거리미확보,건조,맑음,단일로 - 기타,화물,남,42세,상해없음,승합,남,42세,경상
2022010500100225,2022년 1월 5일 15시,수요일,경상남도 창녕군 대합면,경상사고,0,0,1,0,차대차 - 기타,안전운전불이행,건조,맑음,단일로 - 기타,승용,남,25세,상해없음,화물,남,60세,경상
2022010600100306,2022년 1월 6일 15시,목요일,경상북도 문경시 마성면,경상사고,0,0,4,0,차대차 - 추돌,안전거리미확보,건조,맑음,단일로 - 기타,승용,남,22세,경상,화물,남,26세,경상
2022010700100090,2022년 1월 7일 08시,금요일,경상북도 문경시 유곡동,경상사고,0,0,1,0,차대차 - 기타,안전운전불이행,건조,맑음,주차장 - 주차장,승용,남,60세,상해없음,화물,남,39세,경상
2022011700100279,2022년 1월 17일 15시,월요일,충청북도 음성군 감곡면,중상사고,0,1,0,0,차대차 - 기타,안전거리미확보,건조,맑음,단일로 - 지하차도(도로)내,승용,남,63세,상해없음,승용,남,27세,중상
2022011700100402,2022년 1월 17일 18시,월요일,경기도 여주시 흥천면,경상사고,0,0,1,0,차대차 - 기타,안전운전불이행,적설,눈,단일로 - 기타,화물,남,55세,상해없음,승용,남,45세,경상
2022011800100572,2022년 1월 18일 20시,화요일,경상북도 김천시 아포읍,중상사고,0,1,2,0,차대차 - 추돌,안전운전불이행,건조,맑음,단일로 - 기타,화물,남,55세,경상,화물,남,51세,경상
2022012000100130,2022년 1월 20일 10시,목요일,경상남도 창녕군 창녕읍,경상사고,0,0,1,0,차대차 - 측면충돌,안전운전불이행,건조,맑음,단일로 - 기타,화물,남,51세,상해없음,승용,남,19세,경상
2022012100100335,2022년 1월 21일 14시,금요일,경상북도 상주시 공검면,경상사고,0,0,3,0,차대차 - 추돌,안전운전불이행,건조,맑음,단일로 - 터널,승용,남,31세,경상,승용,남,18세,상해없음
2022012900100187,2022년 1월 29일 13시,토요일,경상북도 문경시 문경읍,중상사고,0,1,2,0,차대차 - 추돌,안전거리미확보,건조,흐림,단일로 - 터널,승용,남,26세,상해없음,승용,여,38세,중상
2022012900100214,2022년 1월 29일 14시,토요일,경상북도 구미시 옥성면,중상사고,0,1,0,0,차대차 - 추돌,안전거리미확보,건조,맑음,단일로 - 터널,승용,남,22세,상해없음,승용,남,43세,중상
2022013100100155,2022년 1월 31일 15시,월요일,경기도 여주시 가남읍,경상사고,0,0,1,0,차대차 - 추돌,안전거리미확보,건조,맑음,단일로 - 기타,승용,남,42세,상해없음,승용,여,54세,경상
2022020100100100,2022년 2월 1일 13시,화요일,경상북도 고령군 성산면,중상사고,0,2,0,1,차대차 - 측면충돌,신호위반,건조,맑음,단일로 - 터널,승용,남,76세,부상신고,승용,남,41세,중상
2022020100100145,2022년 2월 1일 16시,화요일,경상북도 문경시 문경읍,경상사고,0,0,1,0,차대차 - 추돌,안전운전불이행,젖음/습기,비,단일로 - 기타,승용,남,60세,상해없음,승용,남,26세,경상
2022020300100231,2022년 2월 3일 14시,목요일,경상북도 상주시 사벌국면,중상사고,0,1,3,0,차대차 - 추돌,안전운전불이행,건조,맑음,단일로 - 기타,승용,남,25세,상해없음,승용,남,48세,중상
2022021000100395,2022년 2월 10일 19시,목요일,경상북도 고령군 성산면,사망사고,1,2,1,0,차대차 - 기타,안전운전불이행,건조,맑음,단일로 - 기타,특수,남,40세,중상,승용,남,55세,사망
2022021600100006,2022년 2월 16일 04시,수요일,충청북도 괴산군 장연면,중상사고,0,1,0,0,차량단독 - 공작물충돌,안전운전불이행,건조,맑음,단일로 - 터널,승용,남,47세,중상,,,,
2022021800100348,2022년 2월 18일 17시,금요일,경상북도 상주시 낙동면,경상사고,0,0,3,0,차대차 - 추돌,안전거리미확보,건조,맑음,단일로 - 터널,승용,남,29세,상해없음,승용,남,54세,상해없음
2022022100100263,2022년 2월 21일 14시,월요일,대구광역시 달성군 구지면,중상사고,0,1,0,0,차대차 - 추돌,안전운전불이행,건조,맑음,단일로 - 기타,특수,남,26세,상해없음,화물,남,55세,중상
2022022100100493,2022년 2월 21일 21시,월요일,경상북도 문경시 문경읍,경상사고,0,0,1,0,차대차 - 측면충돌,안전운전불이행,건조,맑음,단일로 - 터널,화물,남,48세,상해없음,승용,남,31세,상해없음
2022022100100538,2022년 2월 21일 23시,월요일,경상북도 구미시 옥성면,중상사고,0,1,0,0,차대차 - 측면충돌,안전운전불이행,건조,맑음,단일로 - 기타,화물,남,65세,상해없음,특수,남,58세,중상
2022030300100010,2022년 3월 3일 01시,목요일,경기도 여주시 가남읍,중상사고,0,1,0,0,차대차 - 추돌,안전운전불이행,건조,맑음,단일로 - 기타,화물,남,44세,상해없음,승용,여,51세,중상
2022030400100092,2022년 3월 4일 10시,금요일,경상남도 창녕군 대합면,경상사고,0,0,2,0,차대차 - 기타,안전거리미확보,건조,맑음,단일로 - 기타,화물,남,48세,상해없음,승용,남,60세,경상
2022030400100235,2022년 3월 4일 15시,금요일,경상북도 문경시 문경읍,사망사고,1,0,0,1,차량단독 - 기타,안전운전불이행,건조,맑음,단일로 - 터널,화물,남,77세,부상신고,,,,
2022030600100210,2022년 3월 6일 16시,일요일,대구광역시 달성군 현풍읍,경상사고,0,0,2,0,차대차 - 기타,안전운전불이행,건조,맑음,단일로 - 기타,승용,남,35세,상해없음,승용,남,60세,경상
2022031100100331,2022년 3월 11일 17시,금요일,경기도 여주시 가남읍,경상사고,0,0,3,0,차대차 - 기타,안전거리미확보,건조,맑음,단일로 - 기타,승용,여,32세,경상,화물,남,41세,경상
2022031200100021,2022년 3월 12일 04시,토요일,경상북도 성주군 성주읍,경상사고,0,0,1,0,차대차 - 측면충돌,안전운전불이행,건조,맑음,단일로 - 기타,화물,남,65세,상해없음,화물,남,48세,경상
2022032600100015,2022년 3월 26일 00시,토요일,충청북도 괴산군 장연면,사망사고,1,1,0,0,차량단독 - 공작물충돌,기타,젖음/습기,비,단일로 - 기타,승용,여,41세,사망,,,,
2022032700100131,2022년 3월 27일 13시,일요일,경기도 여주시 가남읍,경상사고,0,0,5,0,차대차 - 추돌,안전운전불이행,건조,맑음,단일로 - 기타,승용,남,64세,상해없음,승용,남,58세,경상
2022040100100177,2022년 4월 1일 12시,금요일,경기도 여주시 가남읍,경상사고,0,0,2,0,차대차 - 기타,안전운전불이행,건조,맑음,기타 - 기타,승용,남,75세,기타불명,승용,남,39세,경상
2022041500100378,2022년 4월 15일 16시,금요일,충청북도 음성군 감곡면,경상사고,0,0,2,0,차대차 - 추돌,안전운전불이행,건조,맑음,단일로 - 기타,승용,남,36세,상해없음,승용,남,55세,경상
2022042200100217,2022년 4월 22일 12시,금요일,경상북도 상주시 낙동면,경상사고,0,0,1,0,차대차 - 추돌,안전운전불이행,건조,맑음,단일로 - 기타,화물,남,53세,상해없음,화물,남,54세,경상
2022042200100277,2022년 4월 22일 14시,금요일,경상북도 문경시 문경읍,중상사고,0,1,3,0,차대차 - 추돌,안전거리미확보,건조,맑음,단일로 - 터널,승용,남,57세,경상,승용,여,33세,중상
2022042500100160,2022년 4월 25일 10시,월요일,충청북도 충주시 대소원면,사망사고,1,0,4,0,차대차 - 추돌,안전운전불이행,건조,맑음,단일로 - 기타,화물,남,47세,상해없음,승용,여,55세,사망
2022050100100412,2022년 5월 1일 20시,일요일,경상북도 문경시 유곡동,경상사고,0,0,1,0,차대차 - 측면충돌,안전운전불이행,건조,맑음,단일로 - 기타,화물,남,53세,상해없음,승용,남,35세,경상
2022050200100572,2022년 5월 2일 21시,월요일,경상북도 성주군 대가면,사망사고,1,0,1,0,차대차 - 추돌,안전운전불이행,건조,맑음,단일로 - 기타,화물,남,67세,사망,화물,남,49세,상해없음
2022050500100124,2022년 5월 5일 10시,목요일,경상북도 구미시 옥성면,경상사고,0,0,4,0,차대차 - 추돌,안전거리미확보,건조,맑음,단일로 - 터널,승합,남,25세,상해없음,승용,남,44세,경상
2022050500100272,2022년 5월 5일 14시,목요일,경상북도 김천시 아포읍,중상사고,0,1,0,0,차대차 - 추돌,안전운전불이행,건조,맑음,단일로 - 기타,승용,남,54세,상해없음,승용,남,48세,중상
2022050800100081,2022년 5월 8일 09시,일요일,경상북도 문경시 문경읍,경상사고,0,0,2,0,차대차 - 추돌,안전운전불이행,건조,맑음,단일로 - 터널,승용,남,37세,상해없음,승용,남,46세,경상
2022051200100061,2022년 5월 12일 06시,목요일,경상북도 상주시 공검면,중상사고,0,2,0,0,차대차 - 추돌,안전운전불이행,건조,맑음,단일로 - 기타,화물,남,45세,중상,화물,남,50세,중상
2022051300100031,2022년 5월 13일 04시,금요일,충청북도 괴산군 장연면,중상사고,0,1,0,0,차대차 - 추돌,안전운전불이행,건조,맑음,단일로 - 기타,화물,남,60세,중상,특수,남,45세,기타불명
2022051500100135,2022년 5월 15일 10시,일요일,경기도 여주시 점동면,경상사고,0,0,5,0,차대차 - 추돌,안전운전불이행,건조,맑음,단일로 - 지하차도(도로)내,승용,남,25세,경상,승용,여,40세,경상
2022052100100201,2022년 5월 21일 11시,토요일,경상북도 성주군 성주읍,경상사고,0,0,2,0,차대차 - 기타,안전운전불이행,건조,맑음,단일로 - 기타,승용,여,60세,상해없음,승용,남,50세,경상
2022052200100265,2022년 5월 22일 15시,일요일,경기도 여주시 가남읍,경상사고,0,0,4,1,차대차 - 기타,안전운전불이행,건조,맑음,단일로 - 기타,승용,남,58세,부상신고,승용,남,38세,경상
2022052400100608,2022년 5월 24일 23시,화요일,경상북도 상주시 이안면,사망사고,1,1,0,0,차대차 - 추돌,안전운전불이행,건조,맑음,단일로 - 기타,화물,남,41세,중상,승용,남,40세,사망
2022052400100609,2022년 5월 24일 23시,화요일,경상북도 상주시 이안면,중상사고,0,2,2,0,차대차 - 추돌,안전운전불이행,건조,맑음,단일로 - 기타,특수,남,40세,중상,특수,남,40세,경상
2022052600100045,2022년 5월 26일 03시,목요일,경상북도 김천시 아포읍,경상사고,0,0,1,0,차대차 - 기타,안전운전불이행,건조,맑음,단일로 - 기타,화물,남,41세,상해없음,화물,남,58세,경상
2022052700100307,2022년 5월 27일 14시,금요일,충청북도 괴산군 연풍면,경상사고,0,0,2,0,차대차 - 기타,기타,건조,맑음,단일로 - 기타,화물,남,53세,상해없음,승용,남,76세,경상
2022052800100091,2022년 5월 28일 08시,토요일,경상북도 문경시 마성면,경상사고,0,0,1,0,차대차 - 추돌,안전운전불이행,건조,맑음,단일로 - 기타,승용,남,56세,상해없음,승용,남,49세,경상
2022052900100271,2022년 5월 29일 15시,일요일,경상북도 문경시 문경읍,중상사고,0,3,1,0,차대차 - 추돌,안전운전불이행,건조,맑음,단일로 - 터널,승용,남,41세,중상,승용,여,36세,경상
2022060200100250,2022년 6월 2일 13시,목요일,경상북도 고령군 성산면,중상사고,0,1,1,0,차대차 - 추돌,안전운전불이행,건조,맑음,단일로 - 기타,화물,남,42세,상해없음,특수,남,33세,중상
2022060500100121,2022년 6월 5일 11시,일요일,경상북도 문경시 문경읍,경상사고,0,0,2,0,차대차 - 추돌,안전운전불이행,건조,맑음,단일로 - 터널,승합,여,20세,상해없음,승용,남,28세,경상
2022061400100347,2022년 6월 14일 15시,화요일,경기도 여주시 가남읍,중상사고,0,1,2,1,차대차 - 추돌,안전운전불이행,건조,맑음,단일로 - 기타,승용,남,20세,부상신고,승용,남,68세,경상
2022061500100006,2022년 6월 15일 00시,수요일,경상남도 창녕군 대합면,경상사고,0,0,2,1,차대차 - 추돌,안전운전불이행,젖음/습기,비,단일로 - 기타,승용,여,49세,부상신고,화물,남,65세,경상
2022061500100028,2022년 6월 15일 03시,수요일,충청북도 충주시 산척면,사망사고,1,0,1,0,차대차 - 추돌,안전운전불이행,젖음/습기,비,단일로 - 기타,화물,남,52세,사망,화물,남,69세,상해없음
2022061500100570,2022년 6월 15일 22시,수요일,경상북도 성주군 용암면,부상신고사고,0,0,0,1,차량단독 - 기타,안전운전불이행,건조,맑음,단일로 - 기타,승용,남,54세,부상신고,,,,
2022061900100381,2022년 6월 19일 21시,일요일,경상북도 문경시 불정동,중상사고,0,1,0,0,차대차 - 기타,안전운전불이행,건조,맑음,단일로 - 기타,승용,여,29세,상해없음,승용,여,41세,중상
2022062000100430,2022년 6월 20일 16시,월요일,경상북도 문경시 마성면,중상사고,0,1,2,0,차대차 - 추돌,안전운전불이행,건조,맑음,단일로 - 기타,승용,남,55세,중상,승용,남,48세,경상
2022062300100627,2022년 6월 23일 22시,목요일,경상북도 성주군 초전면,중상사고,0,2,0,1,차대차 - 추돌,안전운전불이행,젖음/습기,비,단일로 - 기타,화물,남,58세,상해없음,화물,남,38세,중상
2022062400100271,2022년 6월 24일 13시,금요일,경상북도 상주시 낙동면,중상사고,0,1,0,0,차대차 - 추돌,안전운전불이행,건조,맑음,단일로 - 기타,승합,남,22세,상해없음,승용,여,42세,중상
2022062400100381,2022년 6월 24일 16시,금요일,경상북도 상주시 사벌국면,경상사고,0,0,1,0,차대차 - 추돌,안전운전불이행,건조,맑음,단일로 - 기타,승용,남,33세,상해없음,승용,남,26세,상해없음
2022062400100445,2022년 6월 24일 17시,금요일,경상북도 상주시 사벌국면,중상사고,0,3,4,0,차대차 - 추돌,안전운전불이행,건조,맑음,단일로 - 기타,승합,남,37세,상해없음,승용,남,32세,중상
2022062400100446,2022년 6월 24일 17시,금요일,경상북도 문경시 유곡동,경상사고,0,0,1,1,차대차 - 기타,안전운전불이행,건조,맑음,기타 - 기타,화물,남,68세,부상신고,승용,여,59세,경상
2022062500100046,2022년 6월 25일 04시,토요일,충청북도 괴산군 장연면,경상사고,0,0,2,0,차대차 - 추돌,안전운전불이행,건조,맑음,단일로 - 기타,승용,남,25세,상해없음,승용,남,44세,경상
2022062600100219,2022년 6월 26일 15시,일요일,대구광역시 달성군 현풍읍,경상사고,0,0,2,0,차대차 - 추돌,안전운전불이행,건조,맑음,단일로 - 기타,승용,남,50세,상해없음,승용,남,51세,경상
2022063000100015,2022년 6월 30일 00시,목요일,경상북도 상주시 낙동면,중상사고,0,1,1,0,차대차 - 추돌,안전운전불이행,건조,맑음,단일로 - 기타,화물,남,51세,중상,화물,남,55세,경상
2022063000100052,2022년 6월 30일 03시,목요일,충청북도 괴산군 장연면,경상사고,0,0,1,0,차대차 - 추돌,안전운전불이행,젖음/습기,비,단일로 - 기타,승용,남,27세,상해없음,승용,여,48세,경상
2022063000100264,2022년 6월 30일 13시,목요일,경상북도 문경시 마성면,경상사고,0,0,1,0,차대차 - 추돌,안전운전불이행,건조,맑음,단일로 - 기타,승합,남,63세,상해없음,승용,여,29세,경상
2022070100100697,2022년 7월 1일 23시,금요일,충청북도 괴산군 연풍면,중상사고,0,4,0,0,차대차 - 추돌,신호위반,건조,맑음,단일로 - 기타,화물,남,60세,상해없음,승용,여,57세,중상
2022070200100312,2022년 7월 2일 14시,토요일,경기도 여주시 가남읍,경상사고,0,0,3,3,차대차 - 기타,안전거리미확보,건조,맑음,기타 - 기타,화물,남,48세,상해없음,승용,남,72세,경상
2022070300100239,2022년 7월 3일 14시,일요일,경상북도 성주군 성주읍,중상사고,0,1,1,0,차대차 - 측면충돌,안전운전불이행,건조,맑음,단일로 - 기타,승용,여,58세,중상,승용,여,56세,경상
2022070300100401,2022년 7월 3일 20시,일요일,충청북도 충주시 대소원면,경상사고,0,0,4,0,차대차 - 추돌,안전운전불이행,건조,맑음,단일로 - 기타,승용,여,53세,상해없음,승용,남,26세,경상
2022070500100020,2022년 7월 5일 03시,화요일,경상북도 문경시 유곡동,사망사고,1,0,1,0,차대차 - 추돌,기타,건조,맑음,단일로 - 기타,화물,남,59세,경상,승용,남,44세,상해없음
2022070700100044,2022년 7월 7일 05시,목요일,경상남도 함안군 칠서면,경상사고,0,0,2,0,차대차 - 추돌,안전운전불이행,건조,맑음,단일로 - 기타,승용,남,70세,상해없음,승용,남,24세,경상
2022071000100422,2022년 7월 10일 22시,일요일,경상북도 상주시 이안면,경상사고,0,0,1,0,차대차 - 측면충돌,안전운전불이행,젖음/습기,비,단일로 - 기타,승용,남,24세,상해없음,승용,남,47세,경상
2022071100100028,2022년 7월 11일 05시,월요일,충청북도 충주시 노은면,경상사고,0,0,4,0,차대차 - 측면충돌,안전운전불이행,젖음/습기,비,단일로 - 기타,승용,남,73세,상해없음,특수,남,56세,경상
2022071500100368,2022년 7월 15일 16시,금요일,경상북도 문경시 마성면,경상사고,0,0,1,0,차대차 - 추돌,안전운전불이행,건조,맑음,단일로 - 기타,승용,남,32세,상해없음,승용,남,43세,경상
2022071600100393,2022년 7월 16일 17시,토요일,경상북도 구미시 선산읍,중상사고,0,1,0,0,차대차 - 추돌,신호위반,젖음/습기,흐림,단일로 - 기타,승용,여,41세,상해없음,승용,남,38세,중상
2022071700100031,2022년 7월 17일 02시,일요일,대구광역시 달성군 구지면,중상사고,0,1,0,0,차대차 - 추돌,안전운전불이행,건조,맑음,단일로 - 기타,승용,여,25세,상해없음,승용,남,38세,중상
2022072200100436,2022년 7월 22일 17시,금요일,경상북도 상주시 낙동면,경상사고,0,0,3,1,차대차 - 추돌,안전운전불이행,건조,맑음,단일로 - 기타,화물,남,59세,부상신고,화물,남,62세,경상
2022072200100437,2022년 7월 22일 17시,금요일,경상북도 구미시 옥성면,중상사고,0,1,3,0,차대차 - 추돌,안전거리미확보,건조,맑음,단일로 - 터널,화물,남,51세,상해없음,승용,남,34세,중상
2022072600100009,2022년 7월 26일 00시,화요일,경상북도 문경시 유곡동,중상사고,0,1,0,0,차대차 - 추돌,안전운전불이행,건조,맑음,단일로 - 기타,화물,남,72세,상해없음,승용,남,33세,중상
2022072800100039,2022년 7월 28일 04시,목요일,경상북도 문경시 공평동,중상사고,0,3,2,0,차대차 - 추돌,안전운전불이행,건조,맑음,단일로 - 기타,승합,남,49세,중상,승합,남,52세,상해없음