사고번호,사고일시,요일,시군구,사고내용,사망자수,중상자수,경상자수,부상신고자수,사고유형,법규위반,노면상태,기상상태,도로형태,가해운전자 차종,가해운전자 성별,가해운전자 연령,가해운전자 상해정도,피해운전자 차종,피해운전자 성별,피해운전자 연령,피해운전자 상해정도
2022073000100331,2022년 7월 30일 15시,토요일,경상북도 상주시 낙동면,경상사고,0,0,3,0,차대차 - 추돌,안전운전불이행,건조,맑음,기타 - 기타,승용,여,41세,상해없음,승용,남,26세,경상
2022080100100037,2022년 8월 1일 05시,월요일,경상북도 구미시 선산읍,중상사고,0,1,0,0,차량단독 - 기타,안전운전불이행,건조,맑음,단일로 - 기타,승용,남,37세,중상,,,,
2022080100100314,2022년 8월 1일 16시,월요일,경상북도 문경시 문경읍,경상사고,0,0,2,0,차대차 - 추돌,안전운전불이행,건조,맑음,기타 - 기타,승용,남,40세,상해없음,승용,남,33세,경상
2022080200100249,2022년 8월 2일 13시,화요일,경상북도 상주시 사벌국면,경상사고,0,0,4,0,차대차 - 추돌,안전운전불이행,건조,맑음,단일로 - 기타,승용,남,42세,상해없음,화물,남,39세,경상
2022080400100212,2022년 8월 4일 12시,목요일,경상북도 성주군 초전면,경상사고,0,0,1,0,차량단독 - 기타,안전운전불이행,건조,맑음,단일로 - 기타,승용,남,71세,경상,,,,
2022080600100268,2022년 8월 6일 14시,토요일,경상북도 문경시 문경읍,경상사고,0,0,4,0,차대차 - 추돌,안전거리미확보,건조,맑음,단일로 - 터널,승용,남,62세,상해없음,승용,남,43세,경상
2022081200100195,2022년 8월 12일 11시,금요일,충청북도 괴산군 장연면,경상사고,0,0,1,0,차대차 - 추돌,안전운전불이행,건조,맑음,단일로 - 기타,승용,남,37세,상해없음,화물,남,50세,경상
2022081900100246,2022년 8월 19일 12시,금요일,경상북도 상주시 낙동면,경상사고,0,0,2,0,차대차 - 추돌,안전운전불이행,건조,맑음,기타 - 기타,승용,남,58세,경상,승용,남,28세,상해없음
2022082100100236,2022년 8월 21일 14시,일요일,경기도 여주시 금사면,경상사고,0,0,6,0,차대차 - 추돌,안전운전불이행,건조,맑음,단일로 - 기타,승용,남,43세,상해없음,승용,남,41세,경상
2022082100100251,2022년 8월 21일 15시,일요일,경상남도 함안군 칠서면,경상사고,0,0,1,0,차대차 - 추돌,안전운전불이행,건조,맑음,단일로 - 기타,승용,남,74세,상해없음,승용,여,28세,경상
2022082200100508,2022년 8월 22일 21시,월요일,경상남도 함안군 칠서면,경상사고,0,0,1,0,차대차 - 기타,안전운전불이행,건조,맑음,단일로 - 기타,특수,남,59세,상해없음,승용,남,38세,경상
2022082300100134,2022년 8월 23일 09시,화요일,경상북도 구미시 옥성면,경상사고,0,0,1,0,차대차 - 기타,안전운전불이행,건조,맑음,단일로 - 기타,승용,남,36세,경상,화물,기타불명,미분류,기타불명
2022082400100596,2022년 8월 24일 22시,수요일,경상북도 문경시 문경읍,중상사고,0,2,2,0,차대차 - 추돌,안전운전불이행,건조,맑음,기타 - 기타,화물,남,63세,상해없음,승용,여,53세,중상
2022082500100014,2022년 8월 25일 01시,목요일,경상북도 상주시 공검면,경상사고,0,0,1,0,차대차 - 추돌,안전운전불이행,건조,맑음,기타 - 기타,화물,남,63세,상해없음,화물,남,58세,경상
2022082700100476,2022년 8월 27일 17시,토요일,경상북도 상주시 낙동면,경상사고,0,0,1,5,차대차 - 추돌,안전운전불이행,건조,맑음,단일로 - 터널,승용,여,29세,부상신고,화물,남,63세,상해없음
2022082800100257,2022년 8월 28일 14시,일요일,경상북도 문경시 불정동,중상사고,0,2,3,0,차대차 - 추돌,안전운전불이행,건조,맑음,기타 - 기타,승용,남,47세,상해없음,승용,여,42세,중상
2022090500100182,2022년 9월 5일 10시,월요일,경상북도 고령군 성산면,경상사고,0,0,3,1,차대차 - 기타,안전운전불이행,건조,맑음,단일로 - 기타,승용,남,75세,부상신고,화물,남,29세,경상
2022091000100152,2022년 9월 10일 12시,토요일,경상북도 문경시 마성면,중상사고,0,2,3,0,차대차 - 추돌,안전운전불이행,건조,맑음,단일로 - 기타,승합,여,24세,경상,승용,남,66세,중상
2022091100100180,2022년 9월 11일 14시,일요일,경상남도 창녕군 창녕읍,경상사고,0,0,4,0,차대차 - 추돌,안전운전불이행,건조,맑음,단일로 - 기타,승용,여,36세,상해없음,승용,남,42세,경상
2022091200100251,2022년 9월 12일 16시,월요일,경상북도 성주군 초전면,사망사고,1,2,0,0,차량단독 - 기타,안전운전불이행,건조,맑음,주차장 - 주차장,승용,여,66세,중상,,,,
2022091800100139,2022년 9월 18일 12시,일요일,경기도 여주시 가남읍,경상사고,0,0,2,0,차대차 - 기타,안전운전불이행,건조,맑음,단일로 - 기타,승용,남,19세,상해없음,승용,남,31세,경상
2022091900100507,2022년 9월 19일 20시,월요일,경상북도 상주시 이안면,경상사고,0,0,2,0,차대차 - 측면충돌,안전운전불이행,건조,맑음,단일로 - 기타,화물,남,42세,상해없음,승용,남,57세,경상
2022092000100036,2022년 9월 20일 05시,화요일,충청북도 음성군 감곡면,경상사고,0,0,1,0,차대차 - 측면충돌,안전운전불이행,건조,맑음,단일로 - 기타,화물,남,66세,상해없음,화물,남,44세,경상
2022092400100204,2022년 9월 24일 11시,토요일,경상북도 구미시 옥성면,경상사고,0,0,2,0,차대차 - 추돌,안전운전불이행,건조,맑음,기타 - 기타,승합,남,43세,상해없음,승용,남,40세,상해없음
2022092400100205,2022년 9월 24일 11시,토요일,경상북도 구미시 옥성면,중상사고,0,1,3,0,차대차 - 추돌,안전운전불이행,건조,맑음,단일로 - 기타,승용,남,34세,상해없음,승용,남,63세,경상
2022092800100289,2022년 9월 28일 14시,수요일,경상북도 김천시 남면,사망사고,1,2,1,0,차대차 - 기타,안전운전불이행,건조,맑음,단일로 - 기타,승용,남,61세,사망,화물,남,51세,기타불명
2022100100100458,2022년 10월 1일 17시,토요일,경상북도 문경시 불정동,중상사고,0,3,8,0,차대차 - 추돌,안전운전불이행,건조,맑음,단일로 - 터널,승용,남,31세,경상,승합,남,52세,상해없음
2022100200100200,2022년 10월 2일 14시,일요일,경상북도 성주군 초전면,부상신고사고,0,0,0,1,차량단독 - 공작물충돌,안전운전불이행,건조,맑음,단일로 - 기타,승용,여,49세,부상신고,,,,
2022100300100147,2022년 10월 3일 11시,월요일,경상북도 문경시 문경읍,경상사고,0,0,2,0,차대차 - 추돌,안전운전불이행,건조,흐림,단일로 - 터널,승용,남,62세,상해없음,승용,여,33세,경상
2022100300100492,2022년 10월 3일 23시,월요일,경상북도 문경시 문경읍,중상사고,0,1,0,0,차대차 - 추돌,안전운전불이행,건조,맑음,단일로 - 기타,승합,남,52세,상해없음,승용,남,26세,상해없음
2022100600100011,2022년 10월 6일 02시,목요일,경상북도 문경시 유곡동,중상사고,0,1,1,0,차대차 - 추돌,안전운전불이행,건조,맑음,단일로 - 교량,화물,남,26세,중상,화물,남,70세,경상
2022100600100241,2022년 10월 6일 12시,목요일,경상북도 성주군 초전면,경상사고,0,0,2,0,차대차 - 측면충돌,안전운전불이행,건조,맑음,단일로 - 기타,화물,남,43세,상해없음,승용,여,45세,경상
2022100700100678,2022년 10월 7일 22시,금요일,경기도 여주시 가남읍,경상사고,0,0,4,0,차대차 - 추돌,안전운전불이행,건조,맑음,기타 - 기타,화물,남,68세,상해없음,승용,남,39세,경상
2022100800100421,2022년 10월 8일 16시,토요일,경상북도 김천시 아포읍,중상사고,0,1,0,0,차대차 - 후진중충돌,기타,건조,맑음,단일로 - 기타,승용,남,65세,상해없음,승용,여,59세,중상
2022101000100077,2022년 10월 10일 09시,월요일,경기도 여주시 가남읍,경상사고,0,0,1,0,차대차 - 기타,차로위반,젖음/습기,비,단일로 - 기타,승용,남,29세,상해없음,화물,남,57세,경상
2022101000100105,2022년 10월 10일 10시,월요일,경상북도 상주시 이안면,경상사고,0,0,1,0,차대차 - 기타,안전운전불이행,건조,맑음,단일로 - 기타,화물,남,39세,상해없음,승용,여,25세,경상
2022101000100141,2022년 10월 10일 12시,월요일,경기도 여주시 가남읍,경상사고,0,0,1,0,차대차 - 기타,안전거리미확보,건조,맑음,단일로 - 기타,승용,남,27세,상해없음,승용,여,34세,경상
2022101000100426,2022년 10월 10일 20시,월요일,충청북도 음성군 감곡면,중상사고,0,1,1,0,차대차 - 기타,안전거리미확보,건조,맑음,단일로 - 기타,특수,남,43세,상해없음,화물,남,60세,상해없음
2022101500100299,2022년 10월 15일 14시,토요일,경상북도 상주시 낙동면,경상사고,0,0,2,0,차대차 - 추돌,안전운전불이행,건조,맑음,단일로 - 터널,승용,여,54세,상해없음,승용,남,51세,경상
2022101500100340,2022년 10월 15일 15시,토요일,경상북도 문경시 문경읍,경상사고,0,0,2,6,차대차 - 추돌,안전운전불이행,건조,맑음,단일로 - 기타,승용,여,36세,부상신고,승용,여,36세,상해없음
2022101700100439,2022년 10월 17일 16시,월요일,경기도 여주시 가남읍,경상사고,0,0,2,0,차대차 - 추돌,안전거리미확보,건조,맑음,단일로 - 기타,승용,남,24세,상해없음,승용,남,32세,경상
2022101800100241,2022년 10월 18일 12시,화요일,경기도 여주시 가남읍,경상사고,0,0,1,0,차대차 - 측면충돌,안전거리미확보,건조,맑음,단일로 - 기타,승합,남,55세,상해없음,승용,남,22세,경상
2022102100100643,2022년 10월 21일 22시,금요일,경상북도 성주군 용암면,경상사고,0,0,1,0,차대차 - 추돌,안전운전불이행,건조,맑음,단일로 - 기타,승용,남,49세,상해없음,화물,남,71세,경상
2022102200100339,2022년 10월 22일 14시,토요일,경상북도 문경시 유곡동,경상사고,0,0,3,0,차대차 - 추돌,안전운전불이행,건조,맑음,단일로 - 기타,승용,남,49세,상해없음,승용,여,52세,경상
2022102200100414,2022년 10월 22일 16시,토요일,경상북도 상주시 헌신동,경상사고,0,0,3,0,차대차 - 추돌,안전운전불이행,건조,맑음,단일로 - 터널,승용,남,27세,상해없음,승용,여,37세,상해없음
2022102200100650,2022년 10월 22일 23시,토요일,경상북도 문경시 마성면,경상사고,0,0,1,0,차대차 - 추돌,안전운전불이행,건조,맑음,단일로 - 기타,승용,남,50세,상해없음,화물,남,60세,경상
2022102300100349,2022년 10월 23일 18시,일요일,경상북도 상주시 낙동면,경상사고,0,0,1,0,차대차 - 측면충돌,안전운전불이행,건조,맑음,단일로 - 기타,승용,여,25세,상해없음,승용,남,32세,경상
2022102400100212,2022년 10월 24일 10시,월요일,충청북도 충주시 대소원면,경상사고,0,0,2,0,차대차 - 측면충돌,안전거리미확보,건조,맑음,단일로 - 터널,특수,남,55세,상해없음,승용,여,71세,경상
2022103000100062,2022년 10월 30일 05시,일요일,대구광역시 달성군 현풍읍,부상신고사고,0,0,0,1,차대차 - 정면충돌,신호위반,건조,맑음,단일로 - 기타,승용,남,60세,상해없음,승용,여,62세,부상신고
2022103000100376,2022년 10월 30일 18시,일요일,경상북도 김천시 아포읍,경상사고,0,0,3,0,차대차 - 측면충돌,안전운전불이행,건조,맑음,단일로 - 기타,승용,여,48세,상해없음,승용,남,61세,경상
2022103000100402,2022년 10월 30일 19시,일요일,경상북도 상주시 이안면,중상사고,0,1,2,0,차대차 - 추돌,안전운전불이행,건조,맑음,단일로 - 기타,승용,남,58세,상해없음,승용,여,34세,중상
2022103100100241,2022년 10월 31일 12시,월요일,충청북도 괴산군 장연면,경상사고,0,0,1,0,차대차 - 추돌,안전거리미확보,건조,맑음,단일로 - 기타,화물,남,48세,상해없음,승용,남,31세,경상
2022103100100599,2022년 10월 31일 22시,월요일,경상북도 문경시 유곡동,경상사고,0,0,1,0,차대차 - 기타,안전운전불이행,건조,맑음,단일로 - 기타,승용,남,25세,상해없음,승용,남,63세,경상
2022110700100571,2022년 11월 7일 20시,월요일,경상북도 상주시 공검면,경상사고,0,0,1,0,차대차 - 측면충돌,안전운전불이행,건조,맑음,단일로 - 기타,화물,남,60세,상해없음,특수,남,59세,경상
2022110700100608,2022년 11월 7일 22시,월요일,충청북도 괴산군 장연면,사망사고,1,1,1,0,차대차 - 추돌,안전운전불이행,건조,맑음,단일로 - 기타,화물,남,67세,사망,화물,남,61세,중상
2022110800100220,2022년 11월 8일 11시,화요일,경상북도 문경시 유곡동,경상사고,0,0,1,0,차대차 - 기타,안전운전불이행,건조,맑음,기타 - 기타,특수,남,63세,상해없음,화물,남,61세,경상
2022111000100267,2022년 11월 10일 13시,목요일,경기도 여주시 가남읍,경상사고,0,0,1,0,차대차 - 추돌,안전운전불이행,건조,맑음,단일로 - 기타,화물,남,53세,경상,화물,남,60세,상해없음
2022111100100181,2022년 11월 11일 10시,금요일,경상북도 상주시 사벌국면,경상사고,0,0,2,0,차대차 - 추돌,안전운전불이행,건조,맑음,단일로 - 기타,승용,남,30세,상해없음,승용,여,40세,경상
2022111200100486,2022년 11월 12일 18시,토요일,경상남도 창녕군 영산면,경상사고,0,0,1,0,차대차 - 추돌,안전운전불이행,건조,맑음,단일로 - 기타,승용,남,54세,상해없음,승용,남,41세,경상
2022111300100343,2022년 11월 13일 18시,일요일,경상북도 상주시 공검면,사망사고,1,3,3,0,차대차 - 추돌,안전거리미확보,건조,맑음,단일로 - 기타,승용,여,61세,상해없음,승용,남,48세,중상
2022111600100345,2022년 11월 16일 14시,수요일,대구광역시 달성군 현풍읍,경상사고,0,0,1,0,차대차 - 기타,차로위반,건조,맑음,기타 - 기타,화물,남,30세,상해없음,화물,남,60세,경상
2022111800100031,2022년 11월 18일 03시,금요일,경상북도 문경시 불정동,경상사고,0,0,1,0,차대차 - 추돌,안전운전불이행,건조,맑음,단일로 - 기타,화물,남,45세,상해없음,화물,남,50세,경상
2022111800100202,2022년 11월 18일 11시,금요일,대구광역시 달성군 현풍읍,사망사고,1,1,3,0,차대차 - 추돌,안전운전불이행,건조,맑음,단일로 - 기타,화물,남,60세,상해없음,승용,여,56세,경상
2022112200100371,2022년 11월 22일 17시,화요일,충청북도 음성군 감곡면,중상사고,0,1,2,0,차대차 - 추돌,안전운전불이행,건조,흐림,단일로 - 기타,화물,남,56세,상해없음,승용,남,36세,중상
2022112400100260,2022년 11월 24일 13시,목요일,충청북도 괴산군 장연면,중상사고,0,1,3,0,차대차 - 추돌,안전운전불이행,건조,맑음,단일로 - 터널,화물,남,30세,경상,승용,여,34세,경상
2022113000100435,2022년 11월 30일 18시,수요일,경기도 여주시 금사면,경상사고,0,0,1,0,차대차 - 추돌,안전운전불이행,건조,맑음,단일로 - 기타,화물,남,77세,상해없음,화물,남,59세,경상
2022113000100510,2022년 11월 30일 21시,수요일,경상북도 성주군 초전면,중상사고,0,2,2,0,차대차 - 추돌,안전운전불이행,건조,맑음,단일로 - 기타,건설기계,남,56세,상해없음,승용,남,42세,중상
2022120200100280,2022년 12월 2일 13시,금요일,경상북도 상주시 낙동면,경상사고,0,0,7,0,차대차 - 추돌,안전운전불이행,건조,맑음,단일로 - 터널,승용,남,25세,상해없음,승용,남,44세,경상
2022120300100160,2022년 12월 3일 10시,토요일,경상북도 고령군 성산면,중상사고,0,1,1,0,차대차 - 정면충돌,안전운전불이행,건조,맑음,단일로 - 기타,화물,남,33세,중상,승용,남,27세,경상
2022120300100161,2022년 12월 3일 10시,토요일,경상북도 고령군 성산면,중상사고,0,2,2,0,차대차 - 추돌,안전운전불이행,건조,맑음,단일로 - 기타,승용,남,56세,상해없음,승용,여,55세,중상
2022120300100275,2022년 12월 3일 14시,토요일,경상북도 문경시 불정동,경상사고,0,0,4,0,차대차 - 기타,기타,건조,맑음,단일로 - 기타,화물,남,49세,상해없음,승용,남,50세,경상
2022120300100560,2022년 12월 3일 23시,토요일,경상북도 상주시 낙동면,사망사고,1,1,2,0,차대차 - 정면충돌,안전운전불이행,건조,맑음,단일로 - 기타,승합,남,47세,경상,승합,남,61세,경상
2022120800100629,2022년 12월 8일 21시,목요일,경상북도 상주시 이안면,중상사고,0,2,0,0,차대차 - 측면충돌,안전운전불이행,건조,맑음,단일로 - 기타,화물,남,61세,상해없음,승용,남,54세,중상
2022121200100163,2022년 12월 12일 11시,월요일,경상북도 구미시 옥성면,사망사고,1,0,0,0,차대차 - 추돌,안전거리미확보,건조,맑음,단일로 - 기타,화물,남,52세,상해없음,화물,남,41세,상해없음
2022121200100195,2022년 12월 12일 12시,월요일,경상북도 문경시 문경읍,경상사고,0,0,1,0,차대차 - 추돌,안전운전불이행,건조,맑음,단일로 - 기타,화물,남,54세,상해없음,승용,남,34세,경상
2022121200100196,2022년 12월 12일 12시,월요일,경상북도 구미시 옥성면,경상사고,0,0,1,0,차대차 - 추돌,안전운전불이행,건조,맑음,단일로 - 기타,화물,남,60세,상해없음,화물,남,66세,경상
2022121400100230,2022년 12월 14일 11시,수요일,경상북도 성주군 초전면,중상사고,0,2,0,0,차대차 - 추돌,안전운전불이행,건조,맑음,단일로 - 기타,화물,남,55세,상해없음,화물,남,48세,중상
2022121700100519,2022년 12월 17일 21시,토요일,경상남도 창녕군 영산면,경상사고,0,0,1,0,차대차 - 추돌,안전거리미확보,건조,맑음,단일로 - 기타,승용,남,64세,상해없음,승용,남,22세,상해없음
2022122300100046,2022년 12월 23일 05시,금요일,경상북도 문경시 불정동,중상사고,0,1,0,1,차대차 - 추돌,안전운전불이행,젖음/습기,안개,단일로 - 기타,화물,남,52세,중상,화물,남,57세,부상신고
2022122300100220,2022년 12월 23일 13시,금요일,경기도 여주시 가남읍,경상사고,0,0,2,0,차대차 - 기타,안전거리미확보,건조,맑음,단일로 - 기타,승용,남,29세,경상,승용,남,35세,경상
2022122400100352,2022년 12월 24일 16시,토요일,대구광역시 달성군 현풍읍,경상사고,0,0,1,0,차대차 - 기타,안전운전불이행,건조,맑음,기타 - 기타,화물,남,46세,상해없음,화물,남,45세,경상
2022122400100437,2022년 12월 24일 18시,토요일,충청북도 괴산군 장연면,경상사고,0,0,1,0,차대차 - 추돌,안전거리미확보,건조,맑음,단일로 - 기타,승용,남,54세,상해없음,승용,남,67세,경상
2022122700100595,2022년 12월 27일 23시,화요일,경상북도 문경시 문경읍,중상사고,0,1,0,0,차대차 - 측면충돌,신호위반,건조,맑음,단일로 - 기타,특수,남,44세,상해없음,승용,남,57세,상해없음
2022122800100024,2022년 12월 28일 02시,수요일,경상북도 상주시 낙동면,경상사고,0,0,1,0,차대차 - 추돌,안전운전불이행,건조,맑음,단일로 - 기타,승용,남,29세,상해없음,화물,남,61세,경상
2022122900100602,2022년 12월 29일 22시,목요일,경상북도 구미시 옥성면,사망사고,2,4,1,0,차대차 - 추돌,안전운전불이행,건조,맑음,단일로 - 기타,화물,남,68세,상해없음,화물,여,39세,기타불명
2022123000100308,2022년 12월 30일 14시,금요일,경상북도 상주시 낙동면,경상사고,0,0,4,0,차대차 - 추돌,안전거리미확보,건조,맑음,단일로 - 터널,승용,여,21세,경상,승용,남,46세,경상
2022123000100394,2022년 12월 30일 16시,금요일,경상북도 구미시 옥성면,중상사고,0,1,2,1,차대차 - 추돌,안전운전불이행,건조,맑음,단일로 - 터널,화물,남,39세,상해없음,화물,남,45세,경상
2022011100100542,2022년 1월 11일 21시,화요일,대구광역시 서구 상리동,경상사고,0,0,2,0,차대차 - 측면충돌,안전운전불이행,건조,맑음,단일로 - 기타,승용,남,35세,상해없음,승용,여,62세,경상
2022032100100121,2022년 3월 21일 10시,월요일,대구광역시 달성군 화원읍,경상사고,0,0,2,0,차대차 - 측면충돌,안전운전불이행,건조,맑음,단일로 - 기타,화물,남,50세,상해없음,승용,남,77세,경상
2022032400100089,2022년 3월 24일 09시,목요일,대구광역시 달성군 논공읍,경상사고,0,0,1,0,차대차 - 기타,안전운전불이행,건조,맑음,단일로 - 기타,화물,남,55세,상해없음,승합,남,52세,경상
2022041300100102,2022년 4월 13일 08시,수요일,대구광역시 달성군 화원읍,중상사고,0,1,0,0,차대차 - 측면충돌,안전운전불이행,건조,맑음,단일로 - 기타,화물,남,55세,상해없음,승용,여,55세,중상
2022043000100036,2022년 4월 30일 02시,토요일,대구광역시 달성군 논공읍,경상사고,0,0,1,0,차대차 - 측면충돌,중앙선침범,건조,맑음,단일로 - 터널,승용,여,48세,상해없음,승용,남,48세,경상
2022051900100241,2022년 5월 19일 12시,목요일,대구광역시 서구 상리동,중상사고,0,1,0,0,차대차 - 기타,안전운전불이행,건조,맑음,단일로 - 기타,승용,남,75세,상해없음,승용,여,48세,중상
2022052100100377,2022년 5월 21일 15시,토요일,대구광역시 달성군 화원읍,경상사고,0,0,2,0,차대차 - 기타,안전운전불이행,건조,맑음,단일로 - 기타,승용,남,40세,상해없음,화물,남,50세,경상
2022052300100219,2022년 5월 23일 11시,월요일,대구광역시 서구 상리동,중상사고,0,1,0,0,차대차 - 측면충돌,안전운전불이행,건조,맑음,단일로 - 기타,승용,여,56세,상해없음,승합,남,58세,중상
2022053000100393,2022년 5월 30일 17시,월요일,대구광역시 서구 상리동,경상사고,0,0,1,0,차대차 - 측면충돌,안전운전불이행,건조,맑음,단일로 - 기타,승용,남,49세,상해없음,승용,남,29세,경상
2022061200100070,2022년 6월 12일 07시,일요일,대구광역시 달서구 대천동,중상사고,0,1,2,0,차대차 - 추돌,안전운전불이행,건조,맑음,단일로 - 기타,승용,남,22세,상해없음,승용,여,40세,중상
2022061600100426,2022년 6월 16일 17시,목요일,대구광역시 달성군 화원읍,경상사고,0,0,2,0,차대차 - 측면충돌,안전운전불이행,건조,맑음,단일로 - 기타,승용,여,54세,상해없음,승용,남,54세,경상
2022080400100321,2022년 8월 4일 15시,목요일,대구광역시 달성군 논공읍,중상사고,0,1,0,0,차대차 - 추돌,안전운전불이행,건조,맑음,단일로 - 기타,화물,남,61세,중상,화물,남,52세,상해없음
2022081100100068,2022년 8월 11일 07시,목요일,대구광역시 달서구 장기동,경상사고,0,0,1,0,차대차 - 기타,안전운전불이행,건조,맑음,단일로 - 기타,승용,남,39세,상해없음,승용,남,36세,경상
2022082600100490,2022년 8월 26일 18시,금요일,대구광역시 달서구 월성동,경상사고,0,0,1,0,차대차 - 추돌,안전운전불이행,건조,맑음,단일로 - 기타,승용,남,22세,상해없음,승용,여,25세,경상
2022100100100266,2022년 10월 1일 12시,토요일,대구광역시 서구 상리동,경상사고,0,0,1,0,차대차 - 측면충돌,안전운전불이행,건조,맑음,단일로 - 기타,화물,남,57세,상해없음,승용,남,30세,경상
2022100400100127,2022년 10월 4일 09시,화요일,대구광역시 달서구 월암동,경상사고,0,0,2,0,차대차 - 추돌,안전운전불이행,젖음/습기,비,단일로 - 기타,건설기계,남,48세,상해없음,승용,남,58세,경상
2022100900100230,2022년 10월 9일 14시,일요일,대구광역시 달성군 논공읍,중상사고,0,1,0,0,차대차 - 추돌,안전운전불이행,건조,맑음,단일로 - 터널,승용,남,30세,상해없음,승용,남,29세,중상
2022101100100398,2022년 10월 11일 15시,화요일,대구광역시 달성군 논공읍,중상사고,0,1,1,1,차대차 - 기타,신호위반,건조,맑음,단일로 - 터널,승용,남,23세,부상신고,화물,남,67세,중상
2022101900100299,2022년 10월 19일 13시,수요일,대구광역시 서구 상리동,경상사고,0,0,1,0,차대차 - 측면충돌,신호위반,건조,맑음,단일로 - 기타,승용,여,71세,상해없음,승용,남,69세,경상
2022102400100039,2022년 10월 24일 06시,월요일,대구광역시 달성군 옥포읍,경상사고,0,0,1,0,차대차 - 측면충돌,안전운전불이행,건조,맑음,단일로 - 기타,화물,남,67세,상해없음,승용,남,48세,경상
2022110100100192,2022년 11월 1일 11시,화요일,대구광역시 달서구 대천동,중상사고,0,2,0,0,차대차 - 추돌,안전운전불이행,건조,맑음,단일로 - 기타,승용,여,50세,상해없음,승용,남,82세,중상
2022111100100507,2022년 11월 11일 18시,금요일,대구광역시 달성군 옥포읍,경상사고,0,0,7,0,차대차 - 추돌,안전운전불이행,건조,맑음,단일로 - 기타,승용,남,60세,상해없음,승용,남,37세,경상
2022112700100332,2022년 11월 27일 18시,일요일,대구광역시 달서구 월암동,경상사고,0,0,1,0,차대차 - 추돌,안전운전불이행,건조,맑음,단일로 - 기타,승용,남,41세,상해없음,승용,여,59세,상해없음
2022120300100347,2022년 12월 3일 16시,토요일,대구광역시 서구 상리동,경상사고,0,0,2,0,차대차 - 기타,차로위반,건조,맑음,단일로 - 기타,승용,남,68세,상해없음,승용,남,42세,경상
2022121300100188,2022년 12월 13일 11시,화요일,대구광역시 달성군 화원읍,경상사고,0,0,1,0,차대차 - 기타,차로위반,건조,맑음,단일로 - 기타,승용,남,38세,상해없음,승용,남,30세,상해없음
2022122900100603,2022년 12월 29일 22시,목요일,대구광역시 달서구 대천동,중상사고,0,1,0,0,차대차 - 추돌,안전운전불이행,건조,맑음,단일로 - 기타,승용,남,36세,상해없음,승용,남,42세,중상
2022010100100004,2022년 1월 1일 00시,토요일,부산광역시 강서구 대저1동,중상사고,0,2,0,0,차대차 - 기타,안전운전불이행,건조,맑음,단일로 - 기타,승용,남,33세,상해없음,승용,남,60세,중상
2022010200100198,2022년 1월 2일 16시,일요일,경상남도 밀양시 산외면,경상사고,0,0,1,0,차대사람 - 기타,안전운전불이행,건조,맑음,단일로 - 기타,승합,여,52세,상해없음,보행자,남,29세,경상
2022010500100334,2022년 1월 5일 18시,수요일,경상북도 경산시 남천면,중상사고,0,1,1,0,차대차 - 추돌,안전운전불이행,건조,맑음,단일로 - 기타,화물,남,69세,중상,화물,남,65세,경상
2022010700100500,2022년 1월 7일 19시,금요일,대구광역시 수성구 시지동,중상사고,0,3,0,0,차대차 - 추돌,안전운전불이행,건조,맑음,단일로 - 기타,승용,남,29세,상해없음,승용,여,26세,중상
2022010800100261,2022년 1월 8일 14시,토요일,대구광역시 수성구 대흥동,경상사고,0,0,1,0,차대차 - 추돌,안전운전불이행,건조,맑음,단일로 - 기타,승용,남,27세,상해없음,승용,남,27세,경상
2022011300100169,2022년 1월 13일 11시,목요일,경상남도 밀양시 상남면,경상사고,0,0,1,0,차대차 - 기타,안전거리미확보,건조,맑음,단일로 - 기타,화물,남,67세,기타불명,승용,남,30세,경상
2022011300100253,2022년 1월 13일 13시,목요일,경상북도 청도군 청도읍,중상사고,0,1,0,0,차대차 - 측면충돌,차로위반,건조,맑음,단일로 - 기타,승용,여,35세,상해없음,승용,여,25세,중상
2022011400100264,2022년 1월 14일 13시,금요일,경상북도 칠곡군 동명면,부상신고사고,0,0,0,1,차량단독 - 기타,안전운전불이행,건조,맑음,단일로 - 기타,화물,남,35세,부상신고,,,,
2022011600100292,2022년 1월 16일 19시,일요일,경상남도 김해시 대동면,경상사고,0,0,1,0,차대차 - 측면충돌,안전운전불이행,건조,맑음,단일로 - 기타,승용,여,45세,상해없음,승용,여,62세,상해없음
2022011600100337,2022년 1월 16일 21시,일요일,경상남도 김해시 대동면,경상사고,0,0,1,0,차대차 - 측면충돌,안전거리미확보,건조,맑음,단일로 - 기타,화물,남,48세,상해없음,승용,남,22세,경상
2022011800100100,2022년 1월 18일 08시,화요일,대구광역시 동구 용계동,중상사고,0,2,2,0,차대차 - 측면충돌,신호위반,건조,맑음,단일로 - 기타,특수,남,61세,중상,승용,남,77세,경상
2022012200100166,2022년 1월 22일 12시,토요일,경상남도 김해시 대동면,경상사고,0,0,3,0,차대차 - 기타,안전운전불이행,건조,맑음,단일로 - 기타,화물,남,52세,상해없음,승용,남,32세,상해없음