사고번호,사고일시,요일,시군구,사고내용,사망자수,중상자수,경상자수,부상신고자수,사고유형,법규위반,노면상태,기상상태,도로형태,가해운전자 차종,가해운전자 성별,가해운전자 연령,가해운전자 상해정도,피해운전자 차종,피해운전자 성별,피해운전자 연령,피해운전자 상해정도
2022082600100491,2022년 8월 26일 18시,금요일,경상북도 칠곡군 가산면,경상사고,0,0,2,0,차대차 - 추돌,안전거리미확보,건조,맑음,단일로 - 기타,승합,남,36세,상해없음,승용,남,46세,경상
2022082700100327,2022년 8월 27일 14시,토요일,경상남도 김해시 상동면,경상사고,0,0,1,0,차대차 - 추돌,안전거리미확보,건조,맑음,단일로 - 기타,승용,남,50세,경상,승합,남,48세,상해없음
2022083100100155,2022년 8월 31일 10시,수요일,경상남도 김해시 대동면,중상사고,0,1,0,0,차대차 - 기타,안전운전불이행,젖음/습기,비,단일로 - 기타,화물,남,61세,상해없음,화물,남,43세,중상
2022090300100098,2022년 9월 3일 07시,토요일,경상북도 칠곡군 동명면,경상사고,0,0,3,0,차대차 - 추돌,안전운전불이행,건조,흐림,기타 - 기타,화물,남,46세,상해없음,화물,남,64세,경상
2022090800100369,2022년 9월 8일 14시,목요일,경상북도 칠곡군 가산면,경상사고,0,0,1,0,차대차 - 추돌,안전운전불이행,건조,맑음,단일로 - 터널,승용,남,23세,상해없음,승용,남,62세,경상
2022090900100123,2022년 9월 9일 09시,금요일,대구광역시 북구 태전동,경상사고,0,0,2,0,차대차 - 추돌,안전운전불이행,건조,맑음,단일로 - 기타,승용,남,32세,상해없음,승용,남,61세,경상
2022091400100167,2022년 9월 14일 10시,수요일,대구광역시 북구 관음동,중상사고,0,1,0,1,차량단독 - 공작물충돌,안전운전불이행,건조,맑음,단일로 - 기타,화물,남,22세,부상신고,,,,
2022091500100331,2022년 9월 15일 16시,목요일,경상북도 의성군 안평면,중상사고,0,1,0,0,차대차 - 추돌,안전운전불이행,건조,맑음,단일로 - 기타,화물,남,62세,상해없음,화물,남,71세,중상
2022091900100018,2022년 9월 19일 02시,월요일,강원도 원주시 지정면,중상사고,0,1,1,0,차대차 - 추돌,안전운전불이행,건조,맑음,단일로 - 기타,화물,남,78세,상해없음,승용,남,63세,중상
2022092100100038,2022년 9월 21일 06시,수요일,강원도 원주시 지정면,경상사고,0,0,1,0,차대차 - 추돌,안전운전불이행,건조,맑음,단일로 - 기타,승용,남,40세,상해없음,건설기계,남,66세,경상
2022092700100197,2022년 9월 27일 11시,화요일,부산광역시 강서구 대저1동,경상사고,0,0,2,0,차대차 - 추돌,안전운전불이행,건조,맑음,단일로 - 교량,화물,남,57세,상해없음,승용,남,48세,경상
2022092800100027,2022년 9월 28일 04시,수요일,경상남도 밀양시 상남면,사망사고,1,0,0,0,차대차 - 추돌,안전운전불이행,건조,흐림,단일로 - 기타,승용,남,43세,사망,화물,남,62세,상해없음
2022092800100090,2022년 9월 28일 08시,수요일,경상남도 김해시 대동면,경상사고,0,0,1,0,차대차 - 측면충돌,안전거리미확보,건조,맑음,단일로 - 기타,화물,남,64세,상해없음,건설기계,남,58세,경상
2022092900100610,2022년 9월 29일 22시,목요일,경상북도 의성군 안평면,중상사고,0,2,1,0,차대차 - 추돌,안전운전불이행,건조,맑음,기타 - 기타,화물,남,47세,상해없음,승용,남,57세,중상
2022100100100193,2022년 10월 1일 10시,토요일,경상북도 군위군 군위읍,경상사고,0,0,1,0,차대차 - 기타,안전운전불이행,건조,맑음,주차장 - 주차장,승용,남,67세,상해없음,승합,남,56세,상해없음
2022100100100382,2022년 10월 1일 15시,토요일,대구광역시 동구 용계동,경상사고,0,0,7,0,차대차 - 추돌,안전거리미확보,건조,맑음,단일로 - 기타,화물,남,66세,경상,승용,남,53세,경상
2022100200100080,2022년 10월 2일 09시,일요일,강원도 원주시 신림면,경상사고,0,0,2,0,차대차 - 추돌,안전운전불이행,건조,맑음,단일로 - 기타,승합,남,61세,상해없음,승용,남,56세,경상
2022100300100417,2022년 10월 3일 20시,월요일,대구광역시 동구 율하동,경상사고,0,0,5,0,차대차 - 측면충돌,안전운전불이행,건조,맑음,단일로 - 기타,승용,여,33세,경상,승용,남,20세,경상
2022100700100468,2022년 10월 7일 17시,금요일,경상남도 김해시 대동면,경상사고,0,0,4,0,차대차 - 측면충돌,안전운전불이행,건조,맑음,단일로 - 기타,화물,남,49세,상해없음,화물,남,68세,경상
2022100700100488,2022년 10월 7일 17시,금요일,경상북도 칠곡군 가산면,경상사고,0,0,1,0,차대차 - 기타,안전운전불이행,건조,맑음,단일로 - 터널,승용,남,59세,상해없음,승용,남,58세,경상
2022100700100568,2022년 10월 7일 19시,금요일,경상남도 김해시 대동면,경상사고,0,0,1,0,차대차 - 측면충돌,안전운전불이행,건조,맑음,단일로 - 기타,화물,남,43세,상해없음,승용,여,36세,경상
2022100900100048,2022년 10월 9일 04시,일요일,경상북도 의성군 안평면,경상사고,0,0,2,0,차대차 - 측면충돌,안전운전불이행,건조,맑음,기타 - 기타,특수,남,53세,상해없음,승용,남,53세,경상
2022101000100300,2022년 10월 10일 16시,월요일,경상북도 칠곡군 동명면,사망사고,1,0,2,0,차대차 - 추돌,안전거리미확보,건조,맑음,단일로 - 기타,화물,남,61세,사망,화물,남,56세,경상
2022101000100301,2022년 10월 10일 16시,월요일,경상북도 안동시 풍산읍,경상사고,0,0,1,0,차대차 - 추돌,안전운전불이행,건조,맑음,단일로 - 기타,화물,남,48세,상해없음,승용,남,40세,경상
2022101100100397,2022년 10월 11일 15시,화요일,경상북도 안동시 풍산읍,경상사고,0,0,1,1,차대차 - 기타,차로위반,건조,맑음,단일로 - 기타,승용,여,47세,부상신고,화물,남,29세,경상
2022101200100131,2022년 10월 12일 08시,수요일,대구광역시 수성구 노변동,중상사고,0,1,1,0,차대차 - 측면충돌,안전운전불이행,건조,맑음,단일로 - 기타,승용,여,48세,경상,특수,남,47세,중상
2022101200100149,2022년 10월 12일 09시,수요일,경상남도 김해시 대동면,경상사고,0,0,1,0,차대차 - 기타,기타,건조,맑음,단일로 - 기타,기타불명,기타불명,미분류,기타불명,승용,여,61세,경상
2022101300100190,2022년 10월 13일 10시,목요일,경상남도 밀양시 상남면,경상사고,0,0,1,3,차대차 - 기타,기타,건조,맑음,단일로 - 기타,화물,남,57세,상해없음,승용,남,36세,부상신고
2022101400100696,2022년 10월 14일 23시,금요일,대구광역시 북구 관음동,경상사고,0,0,3,0,차대차 - 추돌,안전운전불이행,건조,맑음,단일로 - 기타,승용,남,46세,상해없음,승용,남,44세,경상
2022102000100230,2022년 10월 20일 11시,목요일,대구광역시 동구 신평동,경상사고,0,0,1,0,차대차 - 기타,차로위반,건조,맑음,단일로 - 기타,승용,남,48세,상해없음,승용,남,30세,경상
2022102200100163,2022년 10월 22일 10시,토요일,경상남도 밀양시 산외면,경상사고,0,0,5,0,차대차 - 추돌,안전거리미확보,건조,맑음,단일로 - 기타,승용,남,74세,경상,승용,남,65세,경상
2022102400100220,2022년 10월 24일 10시,월요일,경상북도 안동시 풍산읍,중상사고,0,1,0,0,차대차 - 추돌,안전운전불이행,건조,맑음,단일로 - 기타,화물,남,66세,상해없음,건설기계,남,56세,중상
2022102400100253,2022년 10월 24일 11시,월요일,강원도 횡성군 공근면,경상사고,0,0,1,0,차대차 - 기타,안전운전불이행,건조,맑음,단일로 - 기타,승용,남,73세,상해없음,승용,여,27세,경상
2022102400100401,2022년 10월 24일 15시,월요일,경상북도 의성군 안평면,경상사고,0,0,2,0,차대사람 - 기타,안전운전불이행,건조,맑음,단일로 - 기타,승용,여,52세,상해없음,보행자,남,53세,경상
2022102600100076,2022년 10월 26일 07시,수요일,경상북도 칠곡군 동명면,중상사고,0,1,0,0,차대차 - 측면충돌,안전운전불이행,건조,맑음,단일로 - 기타,승합,남,51세,상해없음,승용,남,52세,중상
2022102600100477,2022년 10월 26일 18시,수요일,대구광역시 북구 태전동,중상사고,0,1,3,0,차대차 - 추돌,안전운전불이행,건조,맑음,단일로 - 기타,화물,남,51세,상해없음,승용,여,51세,경상
2022102800100499,2022년 10월 28일 17시,금요일,경상북도 군위군 군위읍,중상사고,0,1,3,0,차대차 - 추돌,안전거리미확보,건조,맑음,단일로 - 기타,승용,남,60세,상해없음,승용,남,38세,중상
2022102800100760,2022년 10월 28일 23시,금요일,경상북도 칠곡군 가산면,경상사고,0,0,2,0,차대차 - 추돌,신호위반,건조,맑음,단일로 - 기타,승용,여,36세,상해없음,특수,남,46세,경상
2022102900100176,2022년 10월 29일 11시,토요일,경상남도 밀양시 상남면,중상사고,0,1,3,0,차대차 - 추돌,안전운전불이행,건조,맑음,단일로 - 기타,화물,남,49세,상해없음,승용,남,24세,경상
2022103000100265,2022년 10월 30일 14시,일요일,경상북도 의성군 안평면,경상사고,0,0,3,0,차대차 - 측면충돌,안전운전불이행,건조,맑음,단일로 - 기타,화물,여,68세,상해없음,승용,남,26세,경상
2022110100100025,2022년 11월 1일 02시,화요일,경상북도 구미시 장천면,경상사고,0,0,1,0,차대차 - 측면충돌,안전운전불이행,건조,맑음,단일로 - 기타,승용,여,60세,상해없음,화물,남,43세,경상
2022110100100034,2022년 11월 1일 04시,화요일,부산광역시 강서구 대저1동,경상사고,0,0,1,0,차대차 - 추돌,안전운전불이행,건조,맑음,단일로 - 기타,건설기계,남,52세,상해없음,화물,남,61세,경상
2022110200100340,2022년 11월 2일 15시,수요일,경상북도 의성군 안평면,중상사고,0,1,0,0,차대차 - 추돌,안전운전불이행,건조,맑음,단일로 - 기타,승용,남,62세,중상,화물,남,67세,기타불명
2022110500100045,2022년 11월 5일 05시,토요일,경상북도 청도군 청도읍,경상사고,0,0,2,0,차대차 - 추돌,안전운전불이행,건조,맑음,기타 - 기타,화물,남,58세,상해없음,승용,남,22세,경상
2022110500100333,2022년 11월 5일 14시,토요일,경상북도 칠곡군 가산면,경상사고,0,0,4,0,차대차 - 추돌,안전거리미확보,건조,맑음,단일로 - 기타,승용,여,38세,경상,승용,남,51세,경상
2022110700100216,2022년 11월 7일 11시,월요일,경상남도 김해시 대동면,경상사고,0,0,1,0,차대차 - 기타,안전거리미확보,건조,맑음,단일로 - 기타,화물,남,37세,상해없음,특수,남,40세,경상
2022111000100160,2022년 11월 10일 09시,목요일,경상북도 의성군 안평면,경상사고,0,0,1,1,차대차 - 추돌,안전운전불이행,건조,맑음,단일로 - 기타,승용,남,22세,부상신고,승용,남,41세,경상
2022111100100555,2022년 11월 11일 19시,금요일,경상북도 경산시 남천면,중상사고,0,2,3,0,차대차 - 추돌,안전운전불이행,건조,맑음,단일로 - 기타,화물,남,60세,상해없음,화물,남,45세,중상
2022111100100592,2022년 11월 11일 20시,금요일,경상북도 안동시 일직면,경상사고,0,0,1,0,차대차 - 기타,차로위반,건조,맑음,단일로 - 기타,승용,여,20세,상해없음,승용,남,30세,경상
2022111200100228,2022년 11월 12일 12시,토요일,경상북도 청도군 청도읍,중상사고,0,1,4,6,차대차 - 추돌,안전거리미확보,건조,맑음,단일로 - 기타,승용,남,40세,부상신고,승합,남,62세,부상신고
2022111700100055,2022년 11월 17일 06시,목요일,강원도 춘천시 동내면,경상사고,0,0,1,0,차대차 - 기타,기타,건조,맑음,단일로 - 기타,화물,남,49세,상해없음,승용,남,42세,경상
2022111800100650,2022년 11월 18일 21시,금요일,강원도 원주시 무실동,경상사고,0,0,1,0,차대차 - 측면충돌,안전운전불이행,건조,맑음,단일로 - 기타,승용,여,61세,상해없음,승용,여,55세,경상
2022112200100422,2022년 11월 22일 18시,화요일,경상남도 김해시 대동면,중상사고,0,1,2,3,차대차 - 추돌,안전거리미확보,젖음/습기,비,단일로 - 기타,승용,남,32세,부상신고,승용,남,43세,경상
2022112400100326,2022년 11월 24일 15시,목요일,경상남도 김해시 생림면,경상사고,0,0,1,0,차대차 - 기타,안전거리미확보,건조,맑음,단일로 - 기타,승용,남,26세,상해없음,승용,남,32세,경상
2022112600100270,2022년 11월 26일 14시,토요일,경상북도 청도군 청도읍,경상사고,0,0,1,0,차대차 - 측면충돌,안전운전불이행,건조,맑음,주차장 - 주차장,승용,남,40세,상해없음,승용,남,41세,경상
2022112600100337,2022년 11월 26일 16시,토요일,경상북도 청도군 청도읍,경상사고,0,0,1,0,차대차 - 추돌,안전운전불이행,건조,맑음,단일로 - 기타,승용,남,25세,상해없음,승용,남,32세,경상
2022112800100239,2022년 11월 28일 13시,월요일,경상남도 김해시 상동면,중상사고,0,1,0,0,차대차 - 기타,안전운전불이행,건조,맑음,단일로 - 기타,승용,남,55세,상해없음,승용,남,28세,중상
2022113000100233,2022년 11월 30일 13시,수요일,대구광역시 북구 관음동,경상사고,0,0,1,0,차대차 - 추돌,안전운전불이행,건조,맑음,단일로 - 기타,승용,여,45세,상해없음,승용,남,64세,경상
2022121000100049,2022년 12월 10일 02시,토요일,경상북도 의성군 봉양면,부상신고사고,0,0,0,1,차량단독 - 공작물충돌,안전운전불이행,건조,맑음,단일로 - 기타,승용,여,46세,부상신고,,,,
2022121100100044,2022년 12월 11일 04시,일요일,경상북도 경산시 남천면,경상사고,0,0,2,0,차대차 - 추돌,안전운전불이행,건조,맑음,단일로 - 기타,승용,남,60세,상해없음,승용,남,23세,경상
2022121200100008,2022년 12월 12일 00시,월요일,강원도 홍천군 홍천읍,중상사고,0,1,4,0,차대차 - 추돌,기타,건조,맑음,단일로 - 기타,승용,남,19세,경상,화물,남,39세,경상
2022121200100213,2022년 12월 12일 13시,월요일,경상남도 밀양시 남포동,경상사고,0,0,1,0,차대차 - 측면충돌,안전거리미확보,건조,맑음,단일로 - 기타,승용,남,54세,상해없음,승용,남,64세,경상
2022121400100568,2022년 12월 14일 19시,수요일,부산광역시 강서구 대저1동,경상사고,0,0,1,0,차대차 - 기타,안전운전불이행,건조,맑음,단일로 - 기타,승용,남,58세,상해없음,승용,남,40세,경상
2022121500100137,2022년 12월 15일 09시,목요일,경상남도 김해시 대동면,경상사고,0,0,1,0,차대차 - 기타,안전거리미확보,건조,맑음,단일로 - 기타,특수,남,59세,상해없음,화물,남,43세,경상
2022121500100174,2022년 12월 15일 10시,목요일,강원도 횡성군 횡성읍,중상사고,0,1,0,0,차대차 - 추돌,안전운전불이행,적설,눈,단일로 - 기타,승용,남,64세,상해없음,승용,남,32세,중상
2022121500100328,2022년 12월 15일 15시,목요일,경상남도 김해시 대동면,경상사고,0,0,1,0,차대차 - 측면충돌,안전거리미확보,건조,맑음,단일로 - 기타,승용,남,40세,상해없음,승용,여,27세,경상
2022121600100380,2022년 12월 16일 17시,금요일,부산광역시 강서구 대저1동,경상사고,0,0,1,0,차대차 - 측면충돌,안전거리미확보,건조,맑음,단일로 - 기타,화물,남,51세,상해없음,승용,여,52세,경상
2022121700100300,2022년 12월 17일 14시,토요일,경상북도 경산시 남천면,경상사고,0,0,1,0,차대차 - 추돌,안전운전불이행,건조,맑음,기타 - 기타,승용,남,24세,상해없음,승용,남,33세,경상
2022122200100036,2022년 12월 22일 04시,목요일,경상북도 경산시 남천면,사망사고,2,1,0,0,차대차 - 추돌,안전운전불이행,건조,흐림,단일로 - 기타,화물,남,44세,사망,화물,남,54세,중상
2022122200100405,2022년 12월 22일 18시,목요일,경상북도 군위군 군위읍,사망사고,1,0,3,0,차대차 - 기타,안전운전불이행,건조,맑음,단일로 - 기타,화물,남,71세,경상,승용,남,47세,경상
2022122600100403,2022년 12월 26일 18시,월요일,강원도 원주시 무실동,경상사고,0,0,1,0,차대차 - 측면충돌,안전거리미확보,건조,맑음,단일로 - 기타,건설기계,남,54세,상해없음,승용,여,49세,경상
2022122900100171,2022년 12월 29일 11시,목요일,경상남도 밀양시 삼랑진읍,경상사고,0,0,2,0,차대차 - 기타,안전거리미확보,건조,맑음,단일로 - 기타,특수,남,57세,상해없음,화물,남,53세,경상
2022010200100021,2022년 1월 2일 05시,일요일,경상남도 양산시 물금읍,중상사고,0,1,0,0,차대차 - 측면충돌,안전운전불이행,건조,맑음,단일로 - 기타,화물,남,53세,상해없음,승용,남,28세,중상
2022012500100044,2022년 1월 25일 07시,화요일,경상남도 양산시 동면,경상사고,0,0,1,0,차대차 - 기타,안전운전불이행,건조,맑음,단일로 - 기타,화물,남,61세,기타불명,승용,여,27세,경상
2022020100100249,2022년 2월 1일 23시,화요일,경상남도 양산시 다방동,경상사고,0,0,1,0,차대차 - 측면충돌,안전운전불이행,건조,맑음,단일로 - 기타,승용,남,29세,상해없음,승용,여,31세,경상
2022032800100407,2022년 3월 28일 19시,월요일,경상남도 양산시 물금읍,경상사고,0,0,1,0,차대차 - 기타,안전운전불이행,건조,맑음,단일로 - 기타,화물,남,58세,상해없음,승용,남,54세,상해없음
2022040600100431,2022년 4월 6일 19시,수요일,경상남도 양산시 물금읍,경상사고,0,0,1,1,차대차 - 추돌,안전거리미확보,건조,맑음,단일로 - 기타,승용,남,38세,상해없음,승용,남,28세,경상
2022040800100417,2022년 4월 8일 17시,금요일,경상남도 양산시 물금읍,경상사고,0,0,2,0,차대차 - 기타,차로위반,건조,맑음,단일로 - 기타,화물,남,51세,상해없음,승합,남,42세,경상
2022041000100060,2022년 4월 10일 08시,일요일,경상남도 양산시 물금읍,경상사고,0,0,1,0,차대차 - 측면충돌,안전거리미확보,건조,맑음,단일로 - 기타,승용,남,67세,상해없음,승용,남,25세,경상
2022042600100367,2022년 4월 26일 16시,화요일,경상남도 양산시 다방동,경상사고,0,0,1,0,차대차 - 측면충돌,안전운전불이행,젖음/습기,비,단일로 - 기타,화물,남,47세,상해없음,화물,남,60세,경상
2022051600100137,2022년 5월 16일 09시,월요일,경상남도 김해시 대동면,경상사고,0,0,1,0,차대차 - 기타,기타,건조,맑음,단일로 - 기타,화물,남,75세,상해없음,승용,남,37세,경상
2022051700100040,2022년 5월 17일 06시,화요일,경상남도 김해시 대동면,사망사고,1,0,0,0,차대차 - 기타,안전운전불이행,건조,맑음,단일로 - 기타,화물,남,44세,사망,화물,남,53세,기타불명
2022060200100343,2022년 6월 2일 16시,목요일,경상남도 양산시 물금읍,경상사고,0,0,1,0,차대차 - 기타,안전운전불이행,건조,맑음,단일로 - 기타,승용,여,45세,상해없음,화물,남,37세,경상
2022061400100341,2022년 6월 14일 15시,화요일,경상남도 양산시 다방동,경상사고,0,0,2,1,차대차 - 추돌,안전운전불이행,젖음/습기,비,단일로 - 기타,승용,여,64세,상해없음,화물,남,54세,경상
2022062800100055,2022년 6월 28일 07시,화요일,경상남도 양산시 다방동,부상신고사고,0,0,0,1,차대차 - 기타,안전운전불이행,건조,맑음,단일로 - 기타,화물,남,34세,상해없음,승용,남,49세,부상신고
2022080100100011,2022년 8월 1일 01시,월요일,경상남도 양산시 물금읍,경상사고,0,0,1,0,차대차 - 추돌,안전거리미확보,건조,맑음,단일로 - 기타,승합,남,26세,상해없음,승용,남,27세,경상
2022083100100092,2022년 8월 31일 08시,수요일,경상남도 김해시 대동면,중상사고,0,1,5,0,차대차 - 측면충돌,안전거리미확보,젖음/습기,비,기타 - 기타,승용,남,44세,상해없음,승용,남,69세,경상
2022083100100154,2022년 8월 31일 10시,수요일,경상남도 양산시 물금읍,경상사고,0,0,2,0,차대차 - 기타,안전운전불이행,젖음/습기,비,단일로 - 기타,특수,남,63세,상해없음,승용,여,37세,경상
2022090200100378,2022년 9월 2일 15시,금요일,경상남도 양산시 동면,중상사고,0,1,1,0,차대차 - 측면충돌,중앙선침범,젖음/습기,비,단일로 - 기타,승용,여,38세,상해없음,화물,남,47세,경상
2022091000100170,2022년 9월 10일 13시,토요일,경상남도 김해시 대동면,중상사고,0,1,6,4,차대차 - 추돌,안전거리미확보,건조,맑음,단일로 - 기타,승용,남,46세,부상신고,승용,남,58세,경상
2022091700100140,2022년 9월 17일 09시,토요일,경상남도 양산시 물금읍,경상사고,0,0,1,0,차대차 - 측면충돌,안전거리미확보,건조,맑음,단일로 - 기타,화물,남,62세,상해없음,승용,여,53세,경상
2022092700100396,2022년 9월 27일 17시,화요일,경상남도 김해시 대동면,경상사고,0,0,2,0,차대차 - 추돌,안전거리미확보,건조,맑음,단일로 - 기타,승합,남,40세,상해없음,승용,여,30세,경상
2022101500100240,2022년 10월 15일 13시,토요일,경상남도 김해시 대동면,경상사고,0,0,4,1,차대차 - 측면충돌,안전운전불이행,건조,맑음,단일로 - 터널,승용,남,48세,상해없음,승용,여,40세,경상
2022102200100433,2022년 10월 22일 17시,토요일,경상남도 양산시 물금읍,경상사고,0,0,2,0,차대차 - 추돌,안전운전불이행,건조,맑음,단일로 - 기타,승용,남,45세,상해없음,승용,남,51세,경상
2022102700100258,2022년 10월 27일 12시,목요일,경상남도 양산시 다방동,경상사고,0,0,1,1,차대차 - 기타,안전운전불이행,건조,맑음,단일로 - 기타,화물,남,59세,상해없음,화물,남,71세,부상신고
2022110400100705,2022년 11월 4일 21시,금요일,경상남도 김해시 대동면,중상사고,0,1,0,0,차대차 - 기타,안전운전불이행,건조,맑음,단일로 - 기타,승용,남,26세,상해없음,승용,남,70세,중상
2022110600100178,2022년 11월 6일 12시,일요일,경상남도 양산시 다방동,경상사고,0,0,2,2,차대차 - 측면충돌,안전운전불이행,건조,맑음,단일로 - 기타,승용,여,49세,상해없음,승용,남,44세,경상
2022111600100332,2022년 11월 16일 14시,수요일,경상남도 양산시 동면,경상사고,0,0,1,0,차대차 - 측면충돌,안전거리미확보,건조,맑음,단일로 - 기타,승용,여,39세,상해없음,승용,여,35세,경상
2022112300100468,2022년 11월 23일 19시,수요일,경상남도 양산시 물금읍,경상사고,0,0,1,0,차대차 - 기타,안전거리미확보,건조,맑음,기타 - 기타,승용,남,52세,상해없음,승용,여,27세,경상
2022112600100055,2022년 11월 26일 04시,토요일,경상남도 양산시 물금읍,중상사고,0,1,0,0,차대차 - 기타,안전운전불이행,건조,맑음,단일로 - 기타,화물,남,37세,상해없음,승용,남,31세,중상
2022120700100057,2022년 12월 7일 07시,수요일,경상남도 양산시 물금읍,경상사고,0,0,2,0,차대차 - 측면충돌,안전운전불이행,건조,맑음,단일로 - 기타,화물,남,56세,상해없음,승용,남,73세,경상
2022120700100502,2022년 12월 7일 19시,수요일,경상남도 양산시 물금읍,중상사고,0,2,2,2,차대차 - 추돌,안전운전불이행,건조,맑음,단일로 - 기타,화물,남,41세,상해없음,승용,여,39세,경상
2022120800100431,2022년 12월 8일 17시,목요일,경상남도 양산시 물금읍,경상사고,0,0,1,0,차대차 - 추돌,안전거리미확보,건조,맑음,단일로 - 기타,승용,남,31세,상해없음,승용,남,40세,경상
2022011600100365,2022년 1월 16일 22시,일요일,충청남도 공주시 정안면,경상사고,0,0,1,0,차대차 - 추돌,안전운전불이행,건조,맑음,단일로 - 기타,승용,남,56세,상해없음,승용,남,52세,경상
2022020200100049,2022년 2월 2일 10시,수요일,충청남도 논산시 광석면,경상사고,0,0,1,0,차대차 - 추돌,안전운전불이행,건조,맑음,단일로 - 기타,승용,남,29세,상해없음,승용,남,65세,경상
2022022100100073,2022년 2월 21일 08시,월요일,충청남도 공주시 이인면,경상사고,0,0,1,0,차대차 - 기타,안전운전불이행,건조,맑음,기타 - 기타,승용,남,56세,기타불명,화물,남,56세,경상
2022022200100050,2022년 2월 22일 07시,화요일,충청남도 천안시 동남구 풍세면,경상사고,0,0,1,0,차대차 - 추돌,차로위반,건조,맑음,단일로 - 기타,승용,여,50세,상해없음,승용,남,50세,경상
2022022300100219,2022년 2월 23일 14시,수요일,충청남도 공주시 정안면,경상사고,0,0,2,0,차대차 - 추돌,안전운전불이행,건조,맑음,단일로 - 기타,승용,남,25세,상해없음,화물,남,59세,경상
2022030500100136,2022년 3월 5일 11시,토요일,충청남도 논산시 채운면,경상사고,0,0,2,0,차대차 - 측면충돌,안전거리미확보,건조,맑음,단일로 - 기타,승용,남,62세,상해없음,승용,남,45세,경상
2022030700100423,2022년 3월 7일 23시,월요일,충청남도 공주시 태봉동,경상사고,0,0,1,0,차대차 - 추돌,안전운전불이행,건조,맑음,단일로 - 기타,화물,남,62세,상해없음,화물,남,56세,경상
2022031300100179,2022년 3월 13일 16시,일요일,충청남도 천안시 동남구 광덕면,경상사고,0,0,2,0,차대차 - 추돌,안전거리미확보,건조,맑음,단일로 - 터널,승용,남,65세,상해없음,승용,여,51세,경상
2022032000100193,2022년 3월 20일 17시,일요일,충청남도 천안시 동남구 광덕면,경상사고,0,0,7,0,차대차 - 추돌,안전거리미확보,건조,맑음,단일로 - 기타,승용,남,33세,상해없음,승용,남,69세,경상
2022032500100411,2022년 3월 25일 19시,금요일,충청남도 공주시 정안면,경상사고,0,0,1,0,차대차 - 측면충돌,안전거리미확보,젖음/습기,비,단일로 - 기타,승용,남,53세,상해없음,화물,남,51세,경상
2022032500100455,2022년 3월 25일 20시,금요일,충청남도 공주시 정안면,경상사고,0,0,2,0,차대차 - 측면충돌,안전운전불이행,젖음/습기,비,단일로 - 기타,승용,남,23세,상해없음,승용,남,29세,경상
2022032700100084,2022년 3월 27일 11시,일요일,충청남도 공주시 정안면,중상사고,0,3,2,0,차대차 - 추돌,안전운전불이행,건조,맑음,단일로 - 기타,승용,여,66세,중상,승용,남,47세,상해없음
2022050900100616,2022년 5월 9일 23시,월요일,충청남도 논산시 채운면,중상사고,0,1,0,0,차대차 - 추돌,안전운전불이행,건조,맑음,단일로 - 기타,화물,남,53세,상해없음,화물,남,60세,중상
2022052800100156,2022년 5월 28일 10시,토요일,충청남도 공주시 정안면,경상사고,0,0,1,0,차대차 - 기타,안전운전불이행,건조,맑음,단일로 - 기타,승용,남,72세,상해없음,승용,남,69세,경상
2022053100100274,2022년 5월 31일 12시,화요일,충청남도 공주시 이인면,경상사고,0,0,3,0,차대차 - 추돌,안전운전불이행,건조,맑음,단일로 - 기타,승용,남,71세,상해없음,승용,남,57세,경상
2022060100100125,2022년 6월 1일 08시,수요일,충청남도 공주시 정안면,경상사고,0,0,4,0,차대차 - 추돌,안전운전불이행,건조,맑음,단일로 - 기타,승용,여,39세,상해없음,승용,남,50세,경상
2022060100100144,2022년 6월 1일 09시,수요일,충청남도 천안시 동남구 풍세면,경상사고,0,0,1,1,차대차 - 기타,안전운전불이행,건조,맑음,단일로 - 기타,승용,남,62세,상해없음,승용,남,39세,경상
2022060200100528,2022년 6월 2일 20시,목요일,충청남도 공주시 정안면,경상사고,0,0,1,0,차대차 - 추돌,안전운전불이행,건조,맑음,단일로 - 기타,승용,남,27세,상해없음,승용,여,41세,경상
2022061000100265,2022년 6월 10일 13시,금요일,충청남도 공주시 봉정동,경상사고,0,0,1,0,차대차 - 기타,안전운전불이행,건조,맑음,단일로 - 기타,승용,남,23세,상해없음,승용,남,58세,경상
2022062000100379,2022년 6월 20일 15시,월요일,충청남도 공주시 우성면,사망사고,1,1,1,0,차대차 - 정면충돌,안전운전불이행,건조,맑음,기타 - 기타,화물,남,65세,사망,화물,남,64세,중상
2022062200100048,2022년 6월 22일 06시,수요일,충청남도 천안시 동남구 목천읍,경상사고,0,0,1,0,차대차 - 측면충돌,안전거리미확보,건조,맑음,단일로 - 기타,화물,남,38세,상해없음,승용,여,45세,경상
2022062300100454,2022년 6월 23일 18시,목요일,충청남도 천안시 동남구 풍세면,경상사고,0,0,1,0,차대차 - 측면충돌,안전거리미확보,젖음/습기,흐림,기타 - 기타,승용,남,46세,상해없음,화물,남,36세,경상