사고번호,사고일시,요일,시군구,사고내용,사망자수,중상자수,경상자수,부상신고자수,사고유형,법규위반,노면상태,기상상태,도로형태,가해운전자 차종,가해운전자 성별,가해운전자 연령,가해운전자 상해정도,피해운전자 차종,피해운전자 성별,피해운전자 연령,피해운전자 상해정도
2022062400100438,2022년 6월 24일 17시,금요일,충청남도 공주시 이인면,중상사고,0,1,4,1,차대차 - 추돌,안전운전불이행,건조,맑음,단일로 - 기타,승용,남,25세,경상,승용,남,33세,경상
2022062500100048,2022년 6월 25일 04시,토요일,충청남도 논산시 연무읍,경상사고,0,0,3,0,차대차 - 기타,중앙선침범,건조,맑음,단일로 - 기타,승용,남,30세,상해없음,승용,남,24세,경상
2022080200100119,2022년 8월 2일 09시,화요일,충청남도 논산시 연무읍,경상사고,0,0,3,0,차대차 - 측면충돌,안전운전불이행,건조,맑음,단일로 - 기타,특수,남,23세,상해없음,승용,남,55세,경상
2022082200100271,2022년 8월 22일 13시,월요일,충청남도 공주시 정안면,부상신고사고,0,0,0,2,차대차 - 기타,안전거리미확보,건조,맑음,기타 - 기타,승용,남,28세,상해없음,승용,남,31세,부상신고
2022083000100149,2022년 8월 30일 09시,화요일,충청남도 공주시 정안면,경상사고,0,0,2,1,차대차 - 추돌,안전운전불이행,젖음/습기,비,단일로 - 기타,화물,남,24세,경상,화물,남,69세,경상
2022090200100350,2022년 9월 2일 14시,금요일,충청남도 천안시 동남구 광덕면,경상사고,0,0,3,0,차대차 - 추돌,안전운전불이행,건조,맑음,단일로 - 터널,승합,남,27세,상해없음,승용,여,71세,경상
2022090900100325,2022년 9월 9일 15시,금요일,충청남도 논산시 연무읍,경상사고,0,0,1,0,차대차 - 측면충돌,안전거리미확보,건조,맑음,기타 - 기타,화물,남,57세,상해없음,승용,여,53세,경상
2022091000100206,2022년 9월 10일 14시,토요일,충청남도 공주시 정안면,경상사고,0,0,3,0,차대차 - 기타,안전운전불이행,건조,맑음,단일로 - 기타,승용,남,50세,상해없음,승용,여,24세,경상
2022091100100342,2022년 9월 11일 21시,일요일,충청남도 공주시 이인면,경상사고,0,0,4,4,차대차 - 기타,안전운전불이행,건조,맑음,단일로 - 기타,승용,남,37세,상해없음,승용,남,35세,경상
2022091500100131,2022년 9월 15일 09시,목요일,충청남도 천안시 동남구 광덕면,경상사고,0,0,1,0,차대차 - 추돌,안전운전불이행,건조,맑음,기타 - 기타,승용,남,37세,상해없음,승용,여,49세,경상
2022091900100227,2022년 9월 19일 13시,월요일,충청남도 공주시 정안면,중상사고,0,2,10,0,차대차 - 추돌,안전운전불이행,건조,맑음,단일로 - 기타,화물,남,36세,상해없음,승용,남,67세,경상
2022092900100590,2022년 9월 29일 21시,목요일,충청남도 천안시 동남구 풍세면,중상사고,0,1,2,0,차대차 - 추돌,안전운전불이행,건조,맑음,단일로 - 기타,승용,여,34세,상해없음,승용,남,59세,상해없음
2022100700100360,2022년 10월 7일 14시,금요일,충청남도 천안시 동남구 목천읍,경상사고,0,0,1,0,차대차 - 추돌,안전운전불이행,건조,맑음,단일로 - 기타,승용,남,38세,상해없음,화물,남,65세,경상
2022100800100116,2022년 10월 8일 08시,토요일,충청남도 천안시 동남구 풍세면,경상사고,0,0,1,0,차대차 - 기타,안전운전불이행,건조,맑음,단일로 - 기타,화물,남,59세,상해없음,승용,남,29세,경상
2022101200100398,2022년 10월 12일 16시,수요일,충청남도 공주시 탄천면,경상사고,0,0,1,0,차대차 - 추돌,안전운전불이행,건조,맑음,단일로 - 기타,화물,남,52세,상해없음,승용,남,40세,경상
2022101700100150,2022년 10월 17일 09시,월요일,충청남도 천안시 동남구 광덕면,중상사고,0,2,3,2,차대차 - 추돌,안전운전불이행,건조,맑음,단일로 - 기타,승용,남,63세,중상,승용,남,65세,경상
2022102800100490,2022년 10월 28일 17시,금요일,충청남도 논산시 벌곡면,경상사고,0,0,1,0,차대차 - 기타,안전운전불이행,건조,맑음,단일로 - 기타,화물,남,38세,상해없음,승용,남,44세,경상
2022110800100254,2022년 11월 8일 12시,화요일,충청남도 천안시 동남구 광덕면,경상사고,0,0,1,0,차대차 - 후진중충돌,기타,건조,맑음,기타 - 기타,특수,남,30세,상해없음,특수,남,31세,경상
2022111600100344,2022년 11월 16일 14시,수요일,충청남도 공주시 정안면,경상사고,0,0,1,0,차대차 - 기타,신호위반,건조,맑음,단일로 - 교량,특수,남,32세,상해없음,특수,남,31세,경상
2022111700100404,2022년 11월 17일 17시,목요일,충청남도 공주시 탄천면,경상사고,0,0,1,0,차대차 - 기타,안전거리미확보,건조,맑음,단일로 - 기타,화물,남,54세,상해없음,승용,남,42세,경상
2022113000100505,2022년 11월 30일 21시,수요일,충청남도 공주시 정안면,경상사고,0,0,1,0,차대차 - 기타,안전운전불이행,서리/결빙,눈,단일로 - 기타,승용,남,43세,상해없음,승용,남,29세,경상
2022121100100211,2022년 12월 11일 14시,일요일,충청남도 공주시 우성면,중상사고,0,2,7,0,차대차 - 추돌,안전운전불이행,건조,맑음,단일로 - 기타,승합,남,60세,상해없음,승용,남,55세,경상
2022121200100082,2022년 12월 12일 08시,월요일,충청남도 공주시 정안면,경상사고,0,0,1,0,차대차 - 추돌,안전운전불이행,건조,맑음,단일로 - 기타,승용,남,55세,상해없음,승용,남,51세,경상
2022121400100372,2022년 12월 14일 15시,수요일,충청남도 공주시 우성면,경상사고,0,0,2,0,차대차 - 측면충돌,안전거리미확보,건조,맑음,기타 - 기타,승용,남,51세,상해없음,승용,남,54세,경상
2022121700100515,2022년 12월 17일 21시,토요일,충청남도 공주시 이인면,사망사고,1,0,12,0,차대차 - 기타,안전운전불이행,건조,맑음,단일로 - 기타,특수,남,58세,상해없음,화물,남,33세,상해없음
2022121800100172,2022년 12월 18일 13시,일요일,충청남도 논산시 성동면,부상신고사고,0,0,0,5,차대차 - 추돌,안전운전불이행,건조,맑음,기타 - 기타,승용,남,58세,상해없음,승용,남,44세,부상신고
2022123000100215,2022년 12월 30일 12시,금요일,충청남도 공주시 우성면,중상사고,0,1,7,8,차대차 - 추돌,안전운전불이행,건조,맑음,단일로 - 기타,승합,남,65세,상해없음,승용,남,43세,중상
2022010300100266,2022년 1월 3일 13시,월요일,전라북도 무주군 안성면,중상사고,0,2,0,0,차대차 - 추돌,기타,건조,맑음,단일로 - 기타,화물,남,63세,상해없음,승용,남,29세,중상
2022010300100345,2022년 1월 3일 15시,월요일,경상남도 고성군 마암면,사망사고,1,1,0,0,차대차 - 추돌,안전운전불이행,건조,맑음,단일로 - 기타,화물,남,47세,사망,화물,남,44세,중상
2022010400100025,2022년 1월 4일 06시,화요일,대전광역시 동구 가오동,경상사고,0,0,1,0,차대차 - 측면충돌,안전운전불이행,건조,맑음,단일로 - 기타,화물,남,64세,상해없음,승용,남,61세,경상
2022011800100537,2022년 1월 18일 19시,화요일,경상남도 진주시 판문동,경상사고,0,0,1,0,차대차 - 추돌,안전운전불이행,건조,맑음,단일로 - 기타,화물,남,61세,상해없음,특수,남,50세,경상
2022020400100025,2022년 2월 4일 06시,금요일,전라북도 장수군 계북면,중상사고,0,1,0,0,차대차 - 추돌,기타,건조,맑음,기타 - 기타,승용,남,35세,상해없음,화물,남,40세,중상
2022021000100326,2022년 2월 10일 17시,목요일,전라북도 장수군 장계면,중상사고,0,1,0,0,차대차 - 추돌,안전운전불이행,건조,맑음,단일로 - 터널,건설기계,남,44세,상해없음,화물,남,66세,중상
2022022400100319,2022년 2월 24일 16시,목요일,경상남도 함양군 지곡면,중상사고,0,2,3,0,차대차 - 추돌,기타,건조,맑음,단일로 - 기타,승용,남,29세,경상,승용,남,37세,중상
2022032800100447,2022년 3월 28일 20시,월요일,전라북도 무주군 무주읍,사망사고,1,0,1,0,차대차 - 추돌,안전운전불이행,건조,맑음,단일로 - 기타,화물,남,62세,상해없음,화물,남,74세,사망
2022042700100471,2022년 4월 27일 18시,수요일,대전광역시 동구 삼정동,경상사고,0,0,1,0,차대차 - 추돌,안전운전불이행,건조,맑음,기타 - 기타,화물,남,51세,상해없음,화물,남,58세,경상
2022043000100387,2022년 4월 30일 17시,토요일,대전광역시 동구 구도동,경상사고,0,0,2,0,차대차 - 측면충돌,안전운전불이행,건조,맑음,기타 - 기타,화물,남,55세,상해없음,승용,남,34세,경상
2022050800100413,2022년 5월 8일 20시,일요일,경상남도 함양군 서상면,중상사고,0,1,0,0,차대차 - 추돌,안전운전불이행,건조,맑음,단일로 - 기타,승용,남,53세,상해없음,승용,남,36세,중상
2022061200100064,2022년 6월 12일 06시,일요일,경상남도 통영시 용남면,경상사고,0,0,2,0,차대차 - 추돌,안전운전불이행,건조,맑음,단일로 - 기타,승용,여,37세,상해없음,승용,남,50세,경상
2022071700100186,2022년 7월 17일 13시,일요일,전라북도 장수군 계북면,경상사고,0,0,8,0,차대차 - 기타,안전운전불이행,건조,맑음,단일로 - 기타,승용,남,50세,상해없음,승용,남,50세,경상
2022080300100190,2022년 8월 3일 11시,수요일,경상남도 통영시 광도면,경상사고,0,0,1,0,차대차 - 추돌,안전운전불이행,건조,맑음,단일로 - 기타,승용,남,63세,상해없음,승용,남,57세,경상
2022080500100418,2022년 8월 5일 17시,금요일,경상남도 함양군 서상면,사망사고,1,0,0,0,차량단독 - 기타,안전운전불이행,건조,맑음,단일로 - 기타,화물,남,67세,사망,,,,
2022081900100176,2022년 8월 19일 10시,금요일,경상남도 산청군 생초면,경상사고,0,0,2,0,차대차 - 추돌,안전운전불이행,건조,맑음,단일로 - 기타,특수,남,43세,경상,승용,여,52세,경상
2022091300100256,2022년 9월 13일 14시,화요일,충청남도 금산군 군북면,경상사고,0,0,1,0,차대차 - 측면충돌,안전운전불이행,건조,맑음,주차장 - 주차장,승용,여,45세,상해없음,승용,여,36세,경상
2022092100100327,2022년 9월 21일 14시,수요일,대전광역시 동구 삼괴동,중상사고,0,1,7,0,차대차 - 추돌,안전운전불이행,건조,맑음,기타 - 기타,화물,남,58세,상해없음,승용,남,63세,경상
2022100300100012,2022년 10월 3일 00시,월요일,경상남도 산청군 생초면,중상사고,0,4,0,0,차대차 - 정면충돌,중앙선침범,건조,맑음,단일로 - 기타,승용,남,39세,중상,승용,남,47세,중상
2022100400100037,2022년 10월 4일 05시,화요일,경상남도 고성군 영오면,중상사고,0,1,0,0,차대차 - 추돌,안전운전불이행,건조,맑음,단일로 - 기타,승용,남,22세,상해없음,화물,남,41세,중상
2022100600100029,2022년 10월 6일 05시,목요일,전라북도 무주군 안성면,사망사고,1,1,0,0,차대차 - 추돌,안전운전불이행,건조,맑음,단일로 - 기타,승용,남,62세,상해없음,화물,남,56세,사망
2022110200100616,2022년 11월 2일 23시,수요일,경상남도 산청군 단성면,중상사고,0,1,0,0,차대차 - 추돌,기타,건조,맑음,단일로 - 기타,승용,남,43세,상해없음,승용,남,64세,중상
2022110500100012,2022년 11월 5일 00시,토요일,경상남도 진주시 정촌면,경상사고,0,0,1,0,차대차 - 기타,중앙선침범,건조,맑음,단일로 - 기타,기타불명,기타불명,미분류,기타불명,승용,남,27세,경상
2022111000100304,2022년 11월 10일 14시,목요일,대전광역시 동구 비룡동,사망사고,1,0,1,0,차대차 - 추돌,안전운전불이행,건조,맑음,교차로 - 교차로부근,화물,남,66세,사망,건설기계,남,52세,경상
2022120200100350,2022년 12월 2일 15시,금요일,경상남도 고성군 거류면,경상사고,0,0,1,0,차대차 - 기타,안전운전불이행,건조,맑음,단일로 - 기타,승용,남,54세,상해없음,승용,남,25세,경상
2022121100100056,2022년 12월 11일 06시,일요일,경상남도 산청군 금서면,경상사고,0,0,1,0,차대차 - 추돌,안전운전불이행,건조,맑음,단일로 - 기타,승용,남,35세,상해없음,승용,여,53세,경상
2022121600100038,2022년 12월 16일 04시,금요일,경상남도 고성군 거류면,중상사고,0,1,0,0,차대차 - 추돌,안전운전불이행,건조,맑음,단일로 - 기타,화물,남,34세,상해없음,화물,남,49세,중상
2022121900100114,2022년 12월 19일 08시,월요일,경상남도 고성군 마암면,경상사고,0,0,2,0,차대차 - 측면충돌,안전운전불이행,건조,맑음,단일로 - 기타,화물,남,60세,상해없음,승용,남,44세,경상
2022011400100449,2022년 1월 14일 18시,금요일,경기도 화성시 장안면,중상사고,0,2,1,0,차대차 - 기타,안전운전불이행,젖음/습기,맑음,단일로 - 기타,승용,여,59세,중상,화물,남,60세,중상
2022021600100204,2022년 2월 16일 14시,수요일,경기도 시흥시 죽율동,경상사고,0,0,1,0,차대차 - 측면충돌,안전거리미확보,건조,맑음,단일로 - 교량,건설기계,남,43세,상해없음,승용,남,43세,경상
2022022200100126,2022년 2월 22일 10시,화요일,경기도 화성시 송산면,사망사고,1,0,0,0,차대차 - 추돌,안전운전불이행,건조,맑음,단일로 - 기타,화물,남,54세,상해없음,승용,남,55세,사망
2022022800100357,2022년 2월 28일 17시,월요일,경기도 화성시 장안면,경상사고,0,0,3,0,차대차 - 기타,기타,건조,맑음,단일로 - 기타,기타불명,기타불명,미분류,기타불명,기타불명,기타불명,미분류,기타불명
2022030700100044,2022년 3월 7일 07시,월요일,경기도 안산시 단원구 초지동,중상사고,0,1,1,0,차대차 - 추돌,안전거리미확보,건조,맑음,단일로 - 기타,승합,남,48세,상해없음,승용,남,51세,경상
2022040100100497,2022년 4월 1일 21시,금요일,경기도 화성시 장안면,경상사고,0,0,1,0,차대차 - 추돌,안전운전불이행,건조,맑음,단일로 - 기타,승용,여,53세,상해없음,승용,남,60세,상해없음
2022041000100189,2022년 4월 10일 13시,일요일,경기도 화성시 마도면,경상사고,0,0,3,0,차대차 - 추돌,안전거리미확보,건조,맑음,단일로 - 기타,승용,남,26세,상해없음,승합,남,51세,경상
2022041600100356,2022년 4월 16일 15시,토요일,경기도 화성시 남양읍,경상사고,0,0,1,1,차대차 - 추돌,안전운전불이행,건조,맑음,단일로 - 기타,승용,남,40세,부상신고,승용,남,58세,상해없음
2022041600100357,2022년 4월 16일 15시,토요일,경기도 화성시 장안면,경상사고,0,0,2,0,차대차 - 기타,안전운전불이행,건조,맑음,단일로 - 기타,승용,남,54세,상해없음,승용,남,30세,경상
2022042800100146,2022년 4월 28일 09시,목요일,경기도 안산시 단원구 신길동,중상사고,0,1,1,0,차대차 - 기타,안전거리미확보,건조,맑음,단일로 - 기타,화물,남,61세,중상,승용,남,52세,경상
2022051200100009,2022년 5월 12일 00시,목요일,경기도 화성시 남양읍,경상사고,0,0,1,0,차대차 - 추돌,안전운전불이행,건조,맑음,단일로 - 기타,승용,남,28세,상해없음,승용,남,32세,상해없음
2022052900100311,2022년 5월 29일 16시,일요일,경기도 안산시 단원구 신길동,경상사고,0,0,1,1,차대차 - 기타,기타,건조,맑음,단일로 - 기타,화물,남,63세,상해없음,승용,여,36세,경상
2022060100100391,2022년 6월 1일 16시,수요일,경기도 화성시 송산면,경상사고,0,0,2,0,차대차 - 추돌,안전거리미확보,건조,맑음,단일로 - 기타,승용,남,18세,상해없음,승용,남,69세,경상
2022060300100551,2022년 6월 3일 20시,금요일,경기도 화성시 장안면,경상사고,0,0,1,0,차대차 - 추돌,중앙선침범,건조,맑음,단일로 - 기타,승용,남,59세,상해없음,승용,여,25세,경상
2022060700100020,2022년 6월 7일 04시,화요일,경기도 평택시 청북읍,경상사고,0,0,2,0,차대차 - 기타,안전운전불이행,건조,맑음,단일로 - 기타,승용,여,28세,상해없음,승용,남,68세,경상
2022060800100433,2022년 6월 8일 18시,수요일,경기도 화성시 마도면,중상사고,0,1,1,0,차대차 - 추돌,안전운전불이행,건조,맑음,단일로 - 기타,화물,남,61세,상해없음,승합,남,58세,중상
2022060800100450,2022년 6월 8일 18시,수요일,경기도 화성시 마도면,경상사고,0,0,1,0,차대차 - 측면충돌,안전거리미확보,건조,맑음,단일로 - 기타,승용,여,57세,상해없음,화물,남,48세,경상
2022062000100040,2022년 6월 20일 05시,월요일,경기도 안산시 단원구 신길동,경상사고,0,0,1,0,차대차 - 측면충돌,안전거리미확보,건조,맑음,단일로 - 기타,승용,남,36세,상해없음,화물,남,56세,경상
2022070200100474,2022년 7월 2일 18시,토요일,경기도 화성시 송산면,경상사고,0,0,2,0,차대차 - 기타,안전운전불이행,건조,맑음,단일로 - 기타,화물,남,44세,경상,화물,남,56세,경상
2022071500100169,2022년 7월 15일 10시,금요일,경기도 안산시 단원구 신길동,경상사고,0,0,1,0,차대차 - 추돌,차로위반,건조,맑음,단일로 - 기타,승용,여,41세,상해없음,화물,남,65세,경상
2022072000100120,2022년 7월 20일 08시,수요일,경기도 안산시 단원구 신길동,경상사고,0,0,1,0,차대차 - 측면충돌,안전거리미확보,건조,맑음,단일로 - 기타,화물,남,57세,상해없음,승용,남,22세,경상
2022072600100225,2022년 7월 26일 11시,화요일,경기도 시흥시 죽율동,경상사고,0,0,1,0,차대차 - 기타,안전거리미확보,건조,맑음,단일로 - 교량,화물,남,27세,경상,화물,남,54세,상해없음
2022073000100030,2022년 7월 30일 01시,토요일,경기도 화성시 송산면,경상사고,0,0,3,0,차대차 - 측면충돌,안전거리미확보,건조,맑음,단일로 - 기타,화물,남,62세,상해없음,승용,남,53세,경상
2022080300100079,2022년 8월 3일 07시,수요일,경기도 화성시 장안면,중상사고,0,1,0,1,차대차 - 기타,안전거리미확보,젖음/습기,비,단일로 - 기타,승용,남,48세,부상신고,특수,남,54세,중상
2022083000100550,2022년 8월 30일 21시,화요일,경기도 화성시 장안면,사망사고,1,2,3,0,차대차 - 기타,안전운전불이행,젖음/습기,비,단일로 - 기타,화물,남,52세,상해없음,화물,남,61세,중상
2022090300100234,2022년 9월 3일 11시,토요일,경기도 화성시 마도면,경상사고,0,0,3,0,차대차 - 추돌,안전운전불이행,건조,맑음,단일로 - 기타,화물,남,55세,상해없음,승용,여,37세,경상
2022090800100048,2022년 9월 8일 05시,목요일,경기도 안산시 단원구 성곡동,중상사고,0,1,0,1,차대차 - 추돌,안전운전불이행,건조,맑음,단일로 - 교량,화물,남,43세,중상,특수,남,47세,부상신고
2022091000100312,2022년 9월 10일 19시,토요일,경기도 화성시 마도면,경상사고,0,0,2,0,차대차 - 추돌,안전거리미확보,건조,맑음,단일로 - 기타,승용,기타불명,미분류,기타불명,승용,남,54세,경상
2022091200100207,2022년 9월 12일 14시,월요일,경기도 화성시 송산면,경상사고,0,0,5,0,차대차 - 추돌,안전거리미확보,건조,맑음,단일로 - 교량,승용,남,26세,상해없음,승용,남,39세,경상
2022091900100026,2022년 9월 19일 04시,월요일,경기도 화성시 장안면,경상사고,0,0,1,0,차대차 - 추돌,안전운전불이행,건조,맑음,단일로 - 기타,승용,남,54세,상해없음,특수,남,65세,상해없음
2022092100100231,2022년 9월 21일 11시,수요일,경기도 화성시 마도면,중상사고,0,2,4,0,차대차 - 추돌,안전거리미확보,건조,맑음,단일로 - 교량,화물,남,62세,상해없음,화물,남,45세,중상
2022092400100065,2022년 9월 24일 06시,토요일,경기도 시흥시 죽율동,경상사고,0,0,4,0,차대차 - 기타,안전거리미확보,건조,맑음,단일로 - 기타,승용,남,30세,상해없음,승용,남,41세,경상
2022092700100229,2022년 9월 27일 12시,화요일,경기도 화성시 남양읍,중상사고,0,1,0,0,차대차 - 추돌,안전운전불이행,건조,맑음,단일로 - 기타,화물,남,55세,중상,특수,남,66세,상해없음
2022100200100029,2022년 10월 2일 01시,일요일,경기도 화성시 송산면,경상사고,0,0,2,0,차대차 - 측면충돌,안전운전불이행,건조,맑음,단일로 - 기타,승용,남,48세,상해없음,승용,남,43세,경상
2022100500100301,2022년 10월 5일 14시,수요일,경기도 시흥시 죽율동,경상사고,0,0,1,0,차대차 - 기타,안전거리미확보,건조,맑음,기타 - 기타,특수,남,59세,상해없음,승용,남,34세,경상
2022101500100576,2022년 10월 15일 21시,토요일,경기도 화성시 송산면,경상사고,0,0,4,0,차대차 - 추돌,안전거리미확보,건조,맑음,단일로 - 기타,승용,기타불명,미분류,기타불명,승용,남,59세,경상
2022101900100446,2022년 10월 19일 17시,수요일,경기도 화성시 남양읍,경상사고,0,0,1,0,차대차 - 기타,안전운전불이행,건조,맑음,단일로 - 기타,화물,남,40세,상해없음,승용,여,52세,경상
2022102200100166,2022년 10월 22일 10시,토요일,경기도 화성시 우정읍,경상사고,0,0,2,0,차대차 - 기타,안전운전불이행,건조,맑음,단일로 - 기타,승용,남,42세,상해없음,화물,남,52세,경상
2022102400100600,2022년 10월 24일 20시,월요일,경기도 평택시 청북읍,경상사고,0,0,2,0,차대차 - 추돌,안전운전불이행,건조,맑음,기타 - 기타,승용,남,33세,기타불명,승용,남,35세,경상
2022102500100140,2022년 10월 25일 09시,화요일,경기도 화성시 장안면,사망사고,1,1,1,1,차대차 - 추돌,안전운전불이행,건조,맑음,단일로 - 기타,화물,남,69세,부상신고,화물,남,51세,경상
2022102800100464,2022년 10월 28일 16시,금요일,경기도 화성시 마도면,경상사고,0,0,1,0,차대차 - 측면충돌,안전거리미확보,건조,맑음,단일로 - 기타,승용,남,56세,상해없음,특수,남,55세,경상
2022102900100324,2022년 10월 29일 14시,토요일,경기도 안산시 단원구 신길동,중상사고,0,3,7,0,차대차 - 추돌,안전운전불이행,건조,맑음,단일로 - 기타,건설기계,남,56세,기타불명,승용,남,57세,경상
2022110100100462,2022년 11월 1일 18시,화요일,경기도 화성시 마도면,경상사고,0,0,2,0,차대차 - 추돌,안전운전불이행,건조,맑음,기타 - 기타,승용,남,23세,상해없음,승용,남,33세,경상
2022110500100234,2022년 11월 5일 12시,토요일,경기도 시흥시 죽율동,경상사고,0,0,1,0,차대차 - 측면충돌,안전거리미확보,건조,맑음,단일로 - 기타,승용,여,54세,상해없음,승용,남,63세,경상
2022111800100398,2022년 11월 18일 16시,금요일,경기도 시흥시 월곶동,사망사고,1,0,0,0,차대사람 - 기타,신호위반,건조,맑음,단일로 - 기타,승용,남,50세,상해없음,보행자,남,66세,사망
2022111900100600,2022년 11월 19일 23시,토요일,경기도 화성시 마도면,중상사고,0,1,0,0,차대차 - 기타,안전운전불이행,건조,맑음,단일로 - 교량,승용,남,28세,상해없음,승용,남,26세,중상
2022112200100463,2022년 11월 22일 18시,화요일,경기도 화성시 송산면,경상사고,0,0,1,0,차대차 - 추돌,안전운전불이행,젖음/습기,흐림,단일로 - 기타,승용,남,56세,상해없음,승용,남,34세,경상
2022112700100200,2022년 11월 27일 14시,일요일,경기도 화성시 마도면,경상사고,0,0,4,0,차대차 - 추돌,안전운전불이행,건조,맑음,단일로 - 기타,승용,남,20세,상해없음,승용,남,35세,경상
2022112900100405,2022년 11월 29일 17시,화요일,경기도 화성시 남양읍,경상사고,0,0,1,0,차대차 - 추돌,안전운전불이행,건조,맑음,단일로 - 기타,화물,남,69세,상해없음,화물,남,68세,경상
2022120200100190,2022년 12월 2일 10시,금요일,경기도 안산시 단원구 신길동,경상사고,0,0,1,0,차대차 - 측면충돌,안전거리미확보,건조,맑음,단일로 - 기타,승용,남,50세,상해없음,승용,남,37세,경상
2022121000100183,2022년 12월 10일 11시,토요일,경기도 화성시 우정읍,경상사고,0,0,3,0,차대차 - 추돌,안전운전불이행,건조,맑음,단일로 - 기타,승용,남,35세,상해없음,화물,남,61세,경상
2022121100100069,2022년 12월 11일 08시,일요일,경기도 화성시 장안면,경상사고,0,0,1,0,차대차 - 기타,안전운전불이행,건조,맑음,단일로 - 기타,승용,남,21세,상해없음,화물,여,57세,경상
2022121400100223,2022년 12월 14일 11시,수요일,경기도 화성시 마도면,경상사고,0,0,4,0,차대차 - 추돌,안전운전불이행,건조,맑음,기타 - 기타,화물,남,72세,상해없음,화물,남,59세,경상
2022121900100119,2022년 12월 19일 08시,월요일,경기도 안산시 단원구 신길동,경상사고,0,0,1,0,차대차 - 추돌,안전운전불이행,건조,맑음,단일로 - 교량,화물,남,40세,상해없음,화물,남,61세,경상
2022122600100127,2022년 12월 26일 09시,월요일,경기도 화성시 장안면,경상사고,0,0,2,0,차대차 - 기타,안전운전불이행,건조,맑음,단일로 - 기타,화물,남,42세,상해없음,승용,남,32세,경상
2022123100100271,2022년 12월 31일 14시,토요일,경기도 화성시 장안면,중상사고,0,2,0,0,차대차 - 기타,안전운전불이행,건조,맑음,단일로 - 기타,승용,남,42세,상해없음,승용,남,30세,중상
2022012400100023,2022년 1월 24일 05시,월요일,경기도 평택시 청룡동,경상사고,0,0,1,0,차대차 - 측면충돌,안전거리미확보,건조,맑음,단일로 - 기타,승용,남,82세,상해없음,승용,남,60세,경상
2022012700100292,2022년 1월 27일 15시,목요일,경기도 평택시 청북읍,중상사고,0,2,0,0,차대차 - 측면충돌,안전운전불이행,건조,맑음,단일로 - 기타,화물,남,60세,중상,화물,남,47세,상해없음
2022012900100010,2022년 1월 29일 00시,토요일,경기도 평택시 청북읍,경상사고,0,0,1,0,차대차 - 기타,안전거리미확보,건조,맑음,단일로 - 기타,승용,남,22세,상해없음,승용,남,41세,경상
2022012900100141,2022년 1월 29일 12시,토요일,경기도 안성시 원곡면,경상사고,0,0,2,6,차대차 - 추돌,안전운전불이행,건조,맑음,단일로 - 기타,승용,남,54세,상해없음,승용,남,34세,경상
2022012900100178,2022년 1월 29일 13시,토요일,경기도 안성시 원곡면,경상사고,0,0,2,0,차대차 - 추돌,안전운전불이행,건조,맑음,단일로 - 기타,승용,남,23세,상해없음,승용,남,31세,경상
2022020800100359,2022년 2월 8일 18시,화요일,경기도 안성시 원곡면,중상사고,0,1,5,3,차대차 - 추돌,안전운전불이행,건조,맑음,단일로 - 기타,화물,남,60세,상해없음,화물,남,49세,중상
2022021300100025,2022년 2월 13일 06시,일요일,경기도 평택시 청북읍,중상사고,0,1,0,0,차대차 - 추돌,안전운전불이행,건조,맑음,단일로 - 기타,화물,남,64세,상해없음,화물,여,63세,상해없음
2022021800100134,2022년 2월 18일 10시,금요일,경기도 평택시 청북읍,경상사고,0,0,1,0,차대차 - 추돌,안전운전불이행,건조,맑음,단일로 - 기타,화물,남,61세,상해없음,화물,남,44세,경상
2022022100100121,2022년 2월 21일 10시,월요일,경기도 평택시 오성면,경상사고,0,0,3,0,차대차 - 측면충돌,안전거리미확보,건조,맑음,기타 - 기타,화물,남,53세,상해없음,승용,남,65세,경상
2022022600100104,2022년 2월 26일 10시,토요일,충청북도 충주시 산척면,경상사고,0,0,2,0,차대차 - 측면충돌,안전거리미확보,건조,맑음,단일로 - 기타,승합,남,63세,상해없음,승용,남,38세,경상
2022022700100047,2022년 2월 27일 09시,일요일,경기도 안성시 공도읍,경상사고,0,0,1,0,차대차 - 기타,안전운전불이행,건조,맑음,단일로 - 기타,승용,남,57세,상해없음,승용,남,27세,경상
2022022700100321,2022년 2월 27일 20시,일요일,경기도 안성시 미양면,경상사고,0,0,3,0,차대차 - 추돌,안전운전불이행,건조,맑음,단일로 - 기타,승용,남,35세,상해없음,승용,남,53세,경상
2022031400100205,2022년 3월 14일 13시,월요일,경기도 평택시 청북읍,경상사고,0,0,1,0,차대차 - 기타,차로위반,젖음/습기,비,단일로 - 기타,화물,남,69세,상해없음,승용,여,27세,경상
2022031400100252,2022년 3월 14일 15시,월요일,경기도 평택시 청북읍,중상사고,0,2,3,0,차대차 - 기타,안전거리미확보,젖음/습기,비,단일로 - 기타,화물,남,69세,중상,특수,남,48세,경상