사고번호,사고일시,요일,시군구,사고내용,사망자수,중상자수,경상자수,부상신고자수,사고유형,법규위반,노면상태,기상상태,도로형태,가해운전자 차종,가해운전자 성별,가해운전자 연령,가해운전자 상해정도,피해운전자 차종,피해운전자 성별,피해운전자 연령,피해운전자 상해정도
2022040100100522,2022년 4월 1일 22시,금요일,전라남도 장성군 장성읍,중상사고,0,1,1,0,차대차 - 추돌,안전운전불이행,건조,맑음,기타 - 기타,승합,남,52세,기타불명,화물,남,60세,중상
2022040300100209,2022년 4월 3일 15시,일요일,전라북도 전주시 덕진구 용정동,경상사고,0,0,11,0,차대차 - 기타,안전거리미확보,건조,맑음,단일로 - 기타,승용,남,65세,상해없음,승용,남,21세,경상
2022040800100638,2022년 4월 8일 21시,금요일,전라북도 익산시 갈산동,경상사고,0,0,2,0,차대차 - 기타,안전거리미확보,건조,맑음,단일로 - 기타,기타불명,기타불명,미분류,기타불명,승용,남,57세,경상
2022040900100036,2022년 4월 9일 01시,토요일,광주광역시 광산구 월계동,경상사고,0,0,1,0,차대차 - 측면충돌,안전운전불이행,건조,맑음,단일로 - 기타,승용,남,31세,상해없음,승용,남,19세,경상
2022041400100212,2022년 4월 14일 12시,목요일,전라남도 순천시 서면,경상사고,0,0,1,0,차대차 - 추돌,안전운전불이행,건조,맑음,단일로 - 기타,화물,남,27세,상해없음,화물,남,60세,경상
2022041600100188,2022년 4월 16일 11시,토요일,전라남도 순천시 주암면,경상사고,0,0,1,0,차대차 - 기타,안전운전불이행,건조,맑음,기타 - 기타,승용,남,57세,기타불명,화물,남,60세,경상
2022041700100239,2022년 4월 17일 14시,일요일,광주광역시 북구 용봉동,경상사고,0,0,1,0,차대차 - 추돌,안전운전불이행,건조,맑음,기타 - 기타,화물,남,46세,상해없음,승용,남,67세,경상
2022041900100455,2022년 4월 19일 17시,화요일,광주광역시 북구 각화동,경상사고,0,0,2,0,차대차 - 측면충돌,안전운전불이행,건조,맑음,단일로 - 기타,승용,남,39세,경상,화물,남,37세,경상
2022042000100074,2022년 4월 20일 07시,수요일,광주광역시 북구 매곡동,경상사고,0,0,1,0,차대차 - 기타,안전거리미확보,건조,맑음,기타 - 기타,화물,남,60세,기타불명,승용,남,29세,경상
2022042800100276,2022년 4월 28일 13시,목요일,전라북도 완주군 삼례읍,중상사고,0,1,0,0,차대차 - 추돌,안전거리미확보,건조,맑음,단일로 - 기타,승용,남,22세,상해없음,승용,남,46세,중상
2022042900100380,2022년 4월 29일 15시,금요일,전라북도 익산시 왕궁면,중상사고,0,1,0,0,차대차 - 기타,안전운전불이행,건조,맑음,단일로 - 기타,화물,남,24세,상해없음,승용,여,59세,중상
2022043000100393,2022년 4월 30일 17시,토요일,전라남도 곡성군 석곡면,경상사고,0,0,2,0,차대차 - 측면충돌,안전운전불이행,건조,맑음,단일로 - 기타,승용,여,53세,상해없음,승용,여,52세,경상
2022050100100411,2022년 5월 1일 20시,일요일,광주광역시 북구 용봉동,경상사고,0,0,6,0,차대차 - 기타,차로위반,건조,맑음,단일로 - 기타,승용,남,57세,경상,승용,남,42세,경상
2022050400100558,2022년 5월 4일 18시,수요일,전라남도 곡성군 오산면,경상사고,0,0,4,0,차대차 - 추돌,안전거리미확보,건조,맑음,단일로 - 기타,화물,남,36세,경상,화물,남,60세,상해없음
2022050800100261,2022년 5월 8일 15시,일요일,전라남도 장성군 남면,중상사고,0,1,5,0,차대차 - 추돌,안전운전불이행,건조,맑음,단일로 - 터널,승용,남,40세,상해없음,승용,남,56세,경상
2022051000100164,2022년 5월 10일 09시,화요일,광주광역시 북구 장등동,경상사고,0,0,1,0,차대차 - 측면충돌,차로위반,건조,맑음,기타 - 기타,승용,남,51세,상해없음,승용,남,36세,경상
2022051300100623,2022년 5월 13일 21시,금요일,전라남도 장성군 장성읍,경상사고,0,0,2,0,차대차 - 측면충돌,안전거리미확보,건조,맑음,기타 - 기타,승용,남,28세,상해없음,승용,남,56세,경상
2022052000100273,2022년 5월 20일 13시,금요일,광주광역시 북구 장등동,중상사고,0,2,0,0,차대차 - 기타,차로위반,건조,맑음,단일로 - 기타,승합,남,62세,상해없음,화물,남,57세,상해없음
2022052000100457,2022년 5월 20일 17시,금요일,광주광역시 광산구 월계동,경상사고,0,0,1,0,차대차 - 추돌,안전거리미확보,건조,맑음,단일로 - 기타,승용,남,27세,상해없음,승용,여,29세,상해없음
2022052400100516,2022년 5월 24일 19시,화요일,광주광역시 북구 장등동,경상사고,0,0,1,0,차대차 - 추돌,안전운전불이행,건조,맑음,단일로 - 기타,승용,남,56세,상해없음,승용,남,46세,경상
2022052500100212,2022년 5월 25일 11시,수요일,광주광역시 북구 장등동,경상사고,0,0,2,0,차대차 - 기타,안전운전불이행,건조,맑음,단일로 - 기타,승용,남,60세,상해없음,승용,여,25세,경상
2022052600100051,2022년 5월 26일 04시,목요일,전라남도 장성군 장성읍,중상사고,0,1,1,0,차대차 - 추돌,안전운전불이행,건조,맑음,기타 - 기타,화물,남,31세,중상,화물,남,64세,경상
2022052600100459,2022년 5월 26일 17시,목요일,광주광역시 북구 각화동,경상사고,0,0,1,0,차대차 - 추돌,안전운전불이행,건조,맑음,단일로 - 기타,승용,남,65세,상해없음,승용,여,51세,경상
2022052700100675,2022년 5월 27일 22시,금요일,전라남도 담양군 대덕면,경상사고,0,0,2,0,차대차 - 기타,안전운전불이행,건조,맑음,기타 - 기타,화물,남,51세,기타불명,승용,남,31세,경상
2022053000100467,2022년 5월 30일 19시,월요일,광주광역시 북구 문흥동,경상사고,0,0,1,0,차대차 - 기타,차로위반,건조,맑음,단일로 - 기타,승용,남,25세,상해없음,승용,여,58세,경상
2022060600100360,2022년 6월 6일 18시,월요일,전라남도 장성군 북이면,경상사고,0,0,1,0,차대차 - 측면충돌,안전운전불이행,건조,맑음,기타 - 기타,승용,여,31세,상해없음,승용,남,34세,경상
2022061300100293,2022년 6월 13일 15시,월요일,전라북도 완주군 삼례읍,경상사고,0,0,1,0,차대차 - 기타,안전거리미확보,건조,맑음,단일로 - 기타,화물,남,44세,상해없음,승용,여,48세,경상
2022062000100458,2022년 6월 20일 17시,월요일,전라북도 정읍시 하북동,중상사고,0,1,3,0,차대차 - 추돌,안전운전불이행,건조,맑음,단일로 - 기타,승용,남,47세,상해없음,화물,남,64세,경상
2022070100100701,2022년 7월 1일 23시,금요일,전라남도 장성군 북이면,경상사고,0,0,2,0,차대차 - 추돌,안전거리미확보,건조,흐림,단일로 - 터널,승용,여,25세,경상,승용,남,53세,경상
2022070400100237,2022년 7월 4일 12시,월요일,전라북도 전주시 덕진구 용정동,경상사고,0,0,4,0,차대차 - 측면충돌,안전거리미확보,건조,맑음,단일로 - 기타,승용,여,58세,경상,승용,여,76세,경상
2022070500100265,2022년 7월 5일 13시,화요일,전라남도 담양군 고서면,중상사고,0,2,7,0,차대차 - 추돌,안전거리미확보,건조,맑음,단일로 - 기타,승용,남,28세,경상,승용,남,48세,경상
2022070800100312,2022년 7월 8일 14시,금요일,전라남도 장성군 남면,경상사고,0,0,1,0,차대차 - 기타,신호위반,건조,맑음,단일로 - 터널,화물,남,46세,상해없음,승용,여,53세,경상
2022071200100023,2022년 7월 12일 03시,화요일,전라북도 익산시 여산면,경상사고,0,0,1,0,차대차 - 추돌,안전운전불이행,건조,맑음,기타 - 기타,화물,남,42세,상해없음,화물,남,48세,경상
2022071200100260,2022년 7월 12일 14시,화요일,광주광역시 북구 운암동,경상사고,0,0,1,0,차대차 - 측면충돌,안전운전불이행,건조,맑음,단일로 - 기타,승용,남,20세,상해없음,승용,여,50세,경상
2022071300100206,2022년 7월 13일 12시,수요일,전라북도 정읍시 입암면,경상사고,0,0,4,0,차대차 - 측면충돌,신호위반,건조,흐림,단일로 - 기타,화물,남,24세,상해없음,승용,남,25세,경상
2022072100100353,2022년 7월 21일 16시,목요일,광주광역시 북구 운암동,경상사고,0,0,2,0,차대차 - 추돌,안전운전불이행,건조,맑음,단일로 - 기타,화물,남,60세,상해없음,승용,여,42세,경상
2022072800100482,2022년 7월 28일 18시,목요일,전라남도 순천시 서면,경상사고,0,0,2,0,차대차 - 추돌,안전운전불이행,건조,맑음,단일로 - 기타,승용,남,33세,상해없음,승용,여,45세,경상
2022072900100482,2022년 7월 29일 18시,금요일,전라북도 정읍시 북면,경상사고,0,0,1,0,차대차 - 측면충돌,안전운전불이행,건조,맑음,단일로 - 기타,승용,남,56세,상해없음,화물,남,56세,경상
2022073100100152,2022년 7월 31일 12시,일요일,광주광역시 북구 문흥동,경상사고,0,0,3,0,차대차 - 측면충돌,안전거리미확보,젖음/습기,비,단일로 - 기타,승용,남,48세,경상,승용,여,27세,경상
2022081100100146,2022년 8월 11일 11시,목요일,전라북도 완주군 봉동읍,사망사고,1,1,1,0,차대차 - 추돌,안전운전불이행,젖음/습기,비,단일로 - 기타,화물,남,51세,상해없음,화물,남,73세,사망
2022081100100212,2022년 8월 11일 13시,목요일,전라북도 익산시 여산면,경상사고,0,0,2,0,차대차 - 측면충돌,안전거리미확보,젖음/습기,비,단일로 - 기타,화물,남,64세,상해없음,승용,남,33세,경상
2022081100100438,2022년 8월 11일 20시,목요일,전라남도 장성군 장성읍,경상사고,0,0,1,0,차대차 - 기타,기타,건조,맑음,단일로 - 기타,승용,여,42세,상해없음,승용,남,23세,경상
2022081200100049,2022년 8월 12일 06시,금요일,전라북도 익산시 여산면,중상사고,0,1,1,0,차대차 - 추돌,안전운전불이행,건조,흐림,단일로 - 기타,화물,남,22세,상해없음,화물,남,55세,경상
2022081600100031,2022년 8월 16일 05시,화요일,전라남도 곡성군 삼기면,경상사고,0,0,1,0,차대차 - 추돌,안전운전불이행,젖음/습기,비,단일로 - 기타,승용,남,60세,상해없음,화물,남,54세,경상
2022082000100050,2022년 8월 20일 03시,토요일,광주광역시 북구 장등동,경상사고,0,0,1,0,차대차 - 추돌,안전운전불이행,건조,맑음,단일로 - 기타,승용,남,23세,상해없음,승용,남,29세,경상
2022082300100264,2022년 8월 23일 13시,화요일,전라남도 순천시 주암면,경상사고,0,0,1,0,차대차 - 추돌,안전운전불이행,건조,맑음,단일로 - 기타,승용,남,38세,상해없음,승용,남,52세,경상
2022082400100187,2022년 8월 24일 10시,수요일,전라남도 곡성군 삼기면,경상사고,0,0,2,0,차대차 - 추돌,안전운전불이행,젖음/습기,비,단일로 - 기타,승용,남,59세,상해없음,승용,남,32세,경상
2022082400100385,2022년 8월 24일 16시,수요일,광주광역시 북구 장등동,경상사고,0,0,1,0,차대차 - 추돌,안전운전불이행,건조,맑음,단일로 - 기타,승용,남,30세,상해없음,승용,남,41세,경상
2022090600100543,2022년 9월 6일 21시,화요일,광주광역시 북구 장등동,경상사고,0,0,1,0,차대차 - 측면충돌,안전운전불이행,건조,맑음,단일로 - 기타,화물,남,64세,상해없음,승용,남,47세,경상
2022091000100014,2022년 9월 10일 01시,토요일,광주광역시 북구 문흥동,중상사고,0,1,1,0,차대차 - 추돌,안전운전불이행,건조,맑음,단일로 - 기타,승용,남,64세,중상,승용,여,25세,경상
2022091500100097,2022년 9월 15일 08시,목요일,전라북도 완주군 이서면,경상사고,0,0,2,0,차대차 - 추돌,안전운전불이행,건조,맑음,단일로 - 기타,승용,남,30세,경상,승용,남,72세,경상
2022091500100327,2022년 9월 15일 16시,목요일,전라북도 완주군 이서면,중상사고,0,3,3,0,차대차 - 추돌,안전운전불이행,건조,맑음,단일로 - 기타,화물,남,38세,경상,화물,남,66세,중상
2022091600100495,2022년 9월 16일 18시,금요일,전라남도 담양군 창평면,경상사고,0,0,2,0,차대차 - 추돌,안전거리미확보,건조,맑음,단일로 - 기타,승용,남,47세,상해없음,승용,남,40세,경상
2022091700100284,2022년 9월 17일 13시,토요일,전라북도 익산시 왕궁면,중상사고,0,2,0,0,차대차 - 기타,안전운전불이행,건조,맑음,단일로 - 기타,승용,여,22세,상해없음,승용,남,30세,중상
2022091900100062,2022년 9월 19일 07시,월요일,광주광역시 북구 매곡동,경상사고,0,0,1,0,차대차 - 추돌,안전운전불이행,건조,맑음,단일로 - 기타,승용,남,22세,기타불명,승용,남,35세,경상
2022092400100430,2022년 9월 24일 16시,토요일,광주광역시 북구 운암동,경상사고,0,0,1,0,차대차 - 측면충돌,안전거리미확보,건조,맑음,기타 - 기타,승용,남,49세,상해없음,승용,남,33세,경상
2022093000100088,2022년 9월 30일 07시,금요일,광주광역시 광산구 신창동,경상사고,0,0,1,0,차대차 - 추돌,안전거리미확보,건조,맑음,단일로 - 기타,승용,남,45세,상해없음,승용,남,46세,경상
2022100100100010,2022년 10월 1일 00시,토요일,전라북도 정읍시 입암면,경상사고,0,0,2,0,차대차 - 측면충돌,안전운전불이행,건조,맑음,단일로 - 기타,승용,여,37세,상해없음,승용,남,26세,경상
2022100500100413,2022년 10월 5일 17시,수요일,광주광역시 북구 문흥동,경상사고,0,0,1,0,차대차 - 기타,안전운전불이행,건조,맑음,기타 - 기타,승용,남,58세,기타불명,화물,남,41세,경상
2022101100100594,2022년 10월 11일 19시,화요일,전라남도 담양군 고서면,경상사고,0,0,1,0,차대차 - 기타,안전운전불이행,건조,맑음,기타 - 기타,승용,남,47세,기타불명,승용,남,48세,경상
2022101800100008,2022년 10월 18일 01시,화요일,전라남도 장성군 남면,경상사고,0,0,2,0,차대차 - 추돌,안전운전불이행,건조,맑음,단일로 - 기타,승용,남,25세,상해없음,승용,남,54세,경상
2022101800100380,2022년 10월 18일 15시,화요일,전라북도 익산시 왕궁면,경상사고,0,0,1,0,차대차 - 기타,안전거리미확보,건조,맑음,단일로 - 기타,화물,남,59세,상해없음,승용,여,42세,경상
2022102000100069,2022년 10월 20일 07시,목요일,전라남도 담양군 대덕면,경상사고,0,0,1,0,차대차 - 기타,안전운전불이행,건조,맑음,기타 - 기타,승용,여,43세,상해없음,화물,남,59세,경상
2022102600100022,2022년 10월 26일 01시,수요일,전라북도 전주시 덕진구 장동,사망사고,1,1,0,0,차대차 - 기타,안전운전불이행,건조,맑음,단일로 - 기타,승용,남,28세,상해없음,화물,남,42세,중상
2022102700100243,2022년 10월 27일 11시,목요일,전라남도 순천시 서면,사망사고,1,0,0,0,차량단독 - 공작물충돌,안전운전불이행,건조,맑음,단일로 - 기타,특수,남,64세,사망,,,,
2022110100100258,2022년 11월 1일 13시,화요일,전라북도 익산시 여산면,중상사고,0,1,0,0,차대차 - 측면충돌,안전거리미확보,건조,맑음,단일로 - 기타,승용,남,78세,상해없음,승용,여,37세,중상
2022110800100286,2022년 11월 8일 13시,화요일,전라남도 장성군 장성읍,중상사고,0,1,2,0,차대차 - 추돌,신호위반,건조,맑음,단일로 - 기타,화물,남,75세,경상,특수,남,33세,경상
2022111200100665,2022년 11월 12일 22시,토요일,전라남도 순천시 주암면,경상사고,0,0,2,0,차대차 - 기타,안전운전불이행,젖음/습기,비,기타 - 기타,승용,남,60세,기타불명,승용,남,48세,경상
2022111700100261,2022년 11월 17일 13시,목요일,전라북도 익산시 왕궁면,중상사고,0,1,0,0,차대사람 - 기타,안전운전불이행,건조,맑음,단일로 - 기타,승용,남,55세,상해없음,보행자,남,60세,중상
2022111800100024,2022년 11월 18일 02시,금요일,광주광역시 광산구 월계동,사망사고,1,0,0,0,차대사람 - 기타,안전운전불이행,건조,맑음,단일로 - 기타,승용,남,43세,상해없음,보행자,여,39세,사망
2022111800100267,2022년 11월 18일 13시,금요일,광주광역시 북구 망월동,경상사고,0,0,2,0,차대차 - 기타,안전운전불이행,건조,맑음,기타 - 기타,화물,남,54세,기타불명,승용,여,25세,경상
2022112000100150,2022년 11월 20일 12시,일요일,전라남도 장성군 장성읍,경상사고,0,0,2,0,차대차 - 추돌,안전거리미확보,건조,맑음,기타 - 기타,승합,남,45세,상해없음,승용,남,65세,경상
2022112000100264,2022년 11월 20일 16시,일요일,전라북도 전주시 덕진구 용정동,중상사고,0,1,14,0,차대차 - 기타,차로위반,건조,맑음,단일로 - 고가도로위,화물,남,33세,상해없음,승합,남,60세,경상
2022112200100264,2022년 11월 22일 14시,화요일,전라북도 익산시 왕궁면,사망사고,1,0,1,0,차대차 - 추돌,안전운전불이행,건조,맑음,단일로 - 기타,화물,남,52세,사망,건설기계,남,61세,경상
2022112300100113,2022년 11월 23일 09시,수요일,전라남도 순천시 주암면,경상사고,0,0,1,0,차대차 - 기타,안전운전불이행,건조,맑음,단일로 - 기타,화물,남,55세,상해없음,승용,남,32세,경상
2022112800100021,2022년 11월 28일 04시,월요일,전라남도 담양군 대덕면,경상사고,0,0,1,0,차량단독 - 기타,안전운전불이행,건조,맑음,단일로 - 기타,승용,여,40세,상해없음,,,,
2022112900100460,2022년 11월 29일 18시,화요일,전라남도 순천시 서면,경상사고,0,0,1,0,차량단독 - 기타,안전운전불이행,건조,맑음,단일로 - 기타,승용,남,23세,경상,,,,
2022113000100091,2022년 11월 30일 08시,수요일,광주광역시 북구 각화동,경상사고,0,0,2,1,차대차 - 추돌,안전운전불이행,건조,맑음,교차로 - 교차로안,승용,남,36세,부상신고,승용,여,54세,경상
2022120200100024,2022년 12월 2일 02시,금요일,광주광역시 북구 문흥동,중상사고,0,1,2,0,차량단독 - 기타,안전운전불이행,건조,맑음,단일로 - 기타,승용,남,23세,중상,,,,
2022120900100266,2022년 12월 9일 14시,금요일,광주광역시 북구 각화동,경상사고,0,0,2,0,차대차 - 측면충돌,차로위반,건조,맑음,단일로 - 기타,승용,남,33세,상해없음,승용,남,48세,경상
2022120900100502,2022년 12월 9일 19시,금요일,광주광역시 광산구 수완동,경상사고,0,0,3,0,차대차 - 기타,신호위반,건조,맑음,기타 - 기타,승용,남,58세,상해없음,승용,남,25세,경상
2022121300100321,2022년 12월 13일 16시,화요일,전라북도 완주군 봉동읍,경상사고,0,0,2,0,차대차 - 기타,안전운전불이행,건조,맑음,단일로 - 기타,승용,남,26세,상해없음,승용,남,74세,경상
2022121800100207,2022년 12월 18일 14시,일요일,전라남도 순천시 주암면,경상사고,0,0,2,0,차대차 - 추돌,안전운전불이행,건조,맑음,단일로 - 기타,승용,여,29세,상해없음,승용,남,58세,경상
2022122000100148,2022년 12월 20일 09시,화요일,광주광역시 북구 매곡동,경상사고,0,0,1,0,차대차 - 측면충돌,차로위반,건조,맑음,단일로 - 기타,화물,남,82세,상해없음,승용,남,52세,경상
2022122100100132,2022년 12월 21일 08시,수요일,광주광역시 북구 매곡동,경상사고,0,0,1,0,차대차 - 측면충돌,안전거리미확보,젖음/습기,맑음,단일로 - 기타,승용,남,34세,상해없음,화물,남,35세,경상
2022122200100008,2022년 12월 22일 00시,목요일,광주광역시 광산구 신창동,경상사고,0,0,2,0,차대차 - 추돌,안전운전불이행,건조,맑음,단일로 - 교량,승용,여,28세,상해없음,승용,여,33세,경상
2022122200100265,2022년 12월 22일 14시,목요일,광주광역시 광산구 월계동,경상사고,0,0,2,0,차대차 - 정면충돌,안전거리미확보,젖음/습기,눈,단일로 - 기타,화물,남,23세,상해없음,승용,남,30세,경상
2022122400100230,2022년 12월 24일 13시,토요일,전라남도 순천시 승주읍,경상사고,0,0,1,0,차대차 - 기타,안전운전불이행,젖음/습기,맑음,기타 - 기타,승용,남,41세,경상,승용,남,43세,상해없음
2022122500100071,2022년 12월 25일 09시,일요일,전라남도 담양군 창평면,경상사고,0,0,1,0,차대차 - 기타,안전운전불이행,건조,맑음,기타 - 기타,승용,남,23세,기타불명,승용,남,27세,경상
2022122700100185,2022년 12월 27일 10시,화요일,전라남도 장성군 남면,경상사고,0,0,5,0,차대차 - 추돌,안전운전불이행,건조,맑음,단일로 - 기타,승용,남,73세,상해없음,승용,여,61세,경상
2022011100100175,2022년 1월 11일 11시,화요일,대전광역시 유성구 장대동,경상사고,0,0,1,0,차대차 - 측면충돌,안전운전불이행,건조,맑음,단일로 - 기타,화물,남,60세,상해없음,승용,남,33세,경상
2022011300100085,2022년 1월 13일 08시,목요일,대전광역시 유성구 장대동,중상사고,0,1,0,0,차대차 - 측면충돌,안전운전불이행,젖음/습기,맑음,기타 - 기타,화물,남,60세,상해없음,승용,남,38세,중상
2022011900100145,2022년 1월 19일 10시,수요일,대전광역시 유성구 장대동,경상사고,0,0,1,0,차대차 - 추돌,안전운전불이행,건조,맑음,기타 - 기타,승용,여,16세,상해없음,승용,여,29세,경상
2022012700100408,2022년 1월 27일 18시,목요일,대전광역시 유성구 원내동,경상사고,0,0,1,0,차대차 - 추돌,안전운전불이행,건조,맑음,단일로 - 기타,승용,남,23세,상해없음,승용,남,30세,경상
2022020200100059,2022년 2월 2일 11시,수요일,대전광역시 유성구 교촌동,경상사고,0,0,3,0,차대차 - 추돌,안전운전불이행,건조,맑음,단일로 - 기타,승용,남,31세,경상,승용,여,44세,경상
2022020600100087,2022년 2월 6일 13시,일요일,대전광역시 유성구 장대동,경상사고,0,0,3,0,차대차 - 기타,기타,건조,맑음,단일로 - 기타,화물,남,63세,상해없음,승용,남,40세,경상
2022021000100090,2022년 2월 10일 09시,목요일,대전광역시 유성구 방동,경상사고,0,0,1,0,차대차 - 기타,기타,건조,맑음,단일로 - 기타,승용,남,24세,상해없음,승용,남,33세,경상
2022032400100217,2022년 3월 24일 14시,목요일,대전광역시 유성구 화암동,경상사고,0,0,1,0,차대차 - 측면충돌,안전거리미확보,건조,맑음,단일로 - 기타,화물,남,54세,상해없음,승용,여,57세,경상
2022042100100542,2022년 4월 21일 22시,목요일,대전광역시 유성구 탑립동,경상사고,0,0,2,0,차대차 - 기타,안전거리미확보,건조,맑음,단일로 - 기타,승용,남,77세,상해없음,승용,남,23세,경상
2022042200100479,2022년 4월 22일 19시,금요일,충청남도 논산시 벌곡면,경상사고,0,0,1,0,차대차 - 기타,안전거리미확보,건조,맑음,단일로 - 기타,승용,남,26세,상해없음,승용,남,27세,경상
2022042600100466,2022년 4월 26일 19시,화요일,충청남도 논산시 가야곡면,경상사고,0,0,4,3,차대차 - 기타,기타,건조,맑음,단일로 - 기타,화물,남,61세,상해없음,승용,여,55세,부상신고
2022042700100263,2022년 4월 27일 13시,수요일,대전광역시 유성구 화암동,경상사고,0,0,1,0,차대차 - 측면충돌,안전거리미확보,건조,맑음,기타 - 기타,승용,여,50세,상해없음,승용,남,40세,경상
2022042800100029,2022년 4월 28일 04시,목요일,대전광역시 유성구 관평동,경상사고,0,0,1,0,차대차 - 추돌,안전운전불이행,건조,맑음,단일로 - 기타,승용,남,37세,상해없음,승용,남,31세,상해없음
2022050900100361,2022년 5월 9일 15시,월요일,대전광역시 유성구 전민동,경상사고,0,0,1,0,차대차 - 기타,안전거리미확보,건조,맑음,단일로 - 기타,화물,남,48세,상해없음,승용,남,42세,경상
2022050900100413,2022년 5월 9일 16시,월요일,대전광역시 유성구 화암동,중상사고,0,1,0,0,차대차 - 추돌,안전운전불이행,건조,맑음,단일로 - 기타,승용,여,34세,상해없음,승용,남,30세,중상
2022051400100502,2022년 5월 14일 18시,토요일,충청남도 논산시 벌곡면,경상사고,0,0,4,0,차대차 - 기타,안전운전불이행,건조,맑음,단일로 - 기타,승용,남,21세,상해없음,승용,여,26세,경상
2022060600100466,2022년 6월 6일 22시,월요일,대전광역시 유성구 장대동,경상사고,0,0,2,0,차대차 - 기타,안전운전불이행,건조,맑음,교차로 - 교차로부근,특수,남,48세,상해없음,승용,남,41세,경상
2022062500100078,2022년 6월 25일 07시,토요일,대전광역시 유성구 문지동,경상사고,0,0,1,0,차대차 - 기타,안전운전불이행,건조,맑음,단일로 - 기타,승용,남,23세,상해없음,승용,남,47세,경상
2022062700100101,2022년 6월 27일 08시,월요일,대전광역시 유성구 구암동,경상사고,0,0,1,0,차대차 - 추돌,안전운전불이행,건조,맑음,단일로 - 기타,화물,남,53세,상해없음,승용,여,29세,경상
2022070100100185,2022년 7월 1일 10시,금요일,충청남도 논산시 가야곡면,경상사고,0,0,2,0,차대차 - 기타,안전운전불이행,건조,맑음,단일로 - 기타,화물,남,25세,기타불명,승용,남,39세,경상
2022070300100405,2022년 7월 3일 20시,일요일,대전광역시 유성구 전민동,경상사고,0,0,1,0,차대차 - 측면충돌,안전운전불이행,젖음/습기,비,단일로 - 기타,기타불명,기타불명,미분류,기타불명,승용,남,36세,경상
2022071700100050,2022년 7월 17일 04시,일요일,대전광역시 유성구 하기동,중상사고,0,1,0,0,차대차 - 추돌,안전운전불이행,건조,맑음,단일로 - 기타,승용,남,22세,상해없음,화물,남,68세,중상
2022071700100185,2022년 7월 17일 13시,일요일,충청남도 논산시 연무읍,사망사고,1,1,0,0,차량단독 - 전도전복 - 전복,안전운전불이행,건조,맑음,기타 - 기타,승용,여,47세,중상,,,,
2022083000100367,2022년 8월 30일 16시,화요일,대전광역시 유성구 장대동,경상사고,0,0,1,1,차대차 - 추돌,안전운전불이행,젖음/습기,비,단일로 - 기타,화물,남,51세,상해없음,승용,여,36세,경상
2022091000100180,2022년 9월 10일 13시,토요일,대전광역시 유성구 장대동,경상사고,0,0,6,0,차대차 - 추돌,안전운전불이행,건조,맑음,단일로 - 기타,승용,남,47세,상해없음,승용,남,37세,경상
2022091700100211,2022년 9월 17일 11시,토요일,대전광역시 유성구 방현동,경상사고,0,0,2,0,차대차 - 추돌,안전운전불이행,건조,맑음,단일로 - 기타,승용,남,25세,상해없음,승용,남,41세,경상
2022092200100077,2022년 9월 22일 07시,목요일,대전광역시 대덕구 신대동,경상사고,0,0,1,0,차대차 - 추돌,안전운전불이행,건조,맑음,기타 - 기타,승용,남,83세,상해없음,승용,남,45세,상해없음
2022103000100282,2022년 10월 30일 15시,일요일,대전광역시 유성구 죽동,중상사고,0,3,0,0,차대차 - 추돌,안전운전불이행,건조,맑음,단일로 - 기타,승용,남,27세,상해없음,승용,여,52세,중상
2022110100100536,2022년 11월 1일 19시,화요일,대전광역시 유성구 장대동,경상사고,0,0,2,0,차대차 - 추돌,안전운전불이행,건조,맑음,기타 - 기타,승용,여,65세,상해없음,승용,여,59세,경상
2022110200100157,2022년 11월 2일 09시,수요일,대전광역시 대덕구 신대동,경상사고,0,0,1,0,차대차 - 측면충돌,안전운전불이행,건조,맑음,기타 - 기타,승용,여,30세,경상,승용,남,82세,상해없음
2022111000100629,2022년 11월 10일 23시,목요일,대전광역시 유성구 전민동,중상사고,0,1,1,2,차대차 - 추돌,안전운전불이행,건조,맑음,단일로 - 기타,승용,남,35세,중상,화물,남,54세,경상
2022112500100129,2022년 11월 25일 09시,금요일,대전광역시 대덕구 덕암동,경상사고,0,0,1,0,차대차 - 추돌,안전운전불이행,건조,맑음,단일로 - 기타,화물,남,56세,상해없음,승용,여,32세,경상
2022113000100030,2022년 11월 30일 04시,수요일,대전광역시 유성구 방현동,중상사고,0,1,0,0,차대차 - 추돌,안전운전불이행,건조,맑음,단일로 - 기타,승용,남,34세,상해없음,화물,남,42세,중상
2022121600100388,2022년 12월 16일 17시,금요일,대전광역시 유성구 화암동,경상사고,0,0,2,0,차대차 - 추돌,안전운전불이행,건조,맑음,단일로 - 기타,승용,남,59세,상해없음,화물,남,47세,경상
2022122100100358,2022년 12월 21일 17시,수요일,대전광역시 유성구 장대동,중상사고,0,1,0,0,차대차 - 기타,안전운전불이행,젖음/습기,흐림,단일로 - 기타,화물,남,60세,상해없음,화물,남,30세,중상